"feature","A10_AR38_S10","A45_AR51_S18","A18_AR50_S18","A44_AR49_S18","A29_AR21_S18","A3_AR20_S3","A17_AR47_S17","A28_AR19_S18","A16_AR46_S16","A27_AR18_S18","A5_AR43_S5","A6_AR44_S6","A12_AR42_S12","A41_AR41_S18","A26_AR17_S18","A2_AR14_S2","A23_AR12_S18","A40_AR40_S18","A11_AR39_S11","A25_AR15_S18","A15_AR37_S15","A24_AR13_S18","A37_AR32_S18","A38_AR34_S18","A39_AR35_S18","A9_AR33_S9","A20_AR05_S18","A36_AR30_S18","A7_AR06_S7","A21_AR08_S18","A43_AR48_S18","A4_AR31_S4","A22_AR11_S18","A14_AR07_S14","A35_AR29_S18","A33_AR27_S18","A34_AR28_S18","A19_AR04_S18","A32_AR25_S18","A8_AR26_S8","A13_AR02_S13","A1_AR01_S1","A30_AR22_S18","A31_AR23_S18","A42_AR45_S18"
"hsa-miR-27a-3p",-0.488240950390488,0.418107629535911,0.465344215654143,-1.01423135946287,0.53285309307078,0.704655013960529,-0.241159797134121,0.0680769569815822,0.52862365009261,-0.640486111667364,1.27614769545104,-0.512756657918276,0.513333760935414,-0.0793914840467642,-0.26745019648189,-0.593468520020957,-2.97855260940803,0.818542474223367,0.784519942323692,0.455786102385578,-1.50100349543192,0.376792600892936,0.971802972436086,0.397630291446553,0.211157333246415,0.436273566402147,-0.22626684245774,-2.97855260940803,-0.814380722682712,0.225990799944561,0.178138617895538,1.12222235743238,0.695906506919866,0.815180188593252,0.934352722555159,-2.97855260940803,-0.284926266439377,0.429551830080197,0.708748918927399,1.49793729061938,0.0842321464116075,0.204604454322071,0.619678742413046,1.03614854430421,0.692037930086062
"hsa-miR-4492",-0.823719093407624,-0.523586194760861,0.29553592592071,-0.554067077831448,-0.264281663908105,-0.979781487404065,-0.86218754158283,0.735215151304903,-1.29818224087183,-2.37115537301998,-0.570961119227254,0.259919686716987,-0.0274658593162107,0.0957771567799379,-0.136221704392054,-0.00230824887435774,0.920512043327937,0.532771794191306,-0.829859628559885,-2.37115537301998,3.20055319929949,0.700778303300945,-2.37115537301998,0.140467222043839,-0.364382643822376,-0.262346820421316,1.44351685885153,0.943656322415128,0.22359670586591,0.429988112735955,-0.194306218592816,-0.565698442059492,1.23613735754699,-0.980451267299377,0.608663920337114,1.40822076704871,0.800102597149311,1.00136065946191,0.545987712879148,-0.551041408852174,0.697674835895418,0.364122984937108,-0.149243160898674,0.317178766182473,-0.396050958100614
"hsa-miR-193a-5p",-0.202394279515988,0.915460021053928,-0.434152515771296,-0.580021975273824,0.855045392314068,0.716202694109508,-0.336499307325972,0.77002159256977,-0.245537860705256,0.0477103283840349,1.70681819143955,0.698882712051443,0.0328109063390431,0.279961853678113,0.19100872086911,1.25871330911307,-2.16365748080063,0.73106768424627,0.818195960831136,-2.16365748080063,0.281913279955555,0.217210959217174,-2.16365748080063,0.0342613130520416,0.697457914269597,-0.752324089224499,-2.16365748080063,-2.16365748080063,0.0481814320798371,0.254047254417802,0.0194892467935456,-0.21692091462667,0.697596163646145,0.424489131849386,0.887460425604233,-2.16365748080063,0.997551365880022,0.168458479890703,0.131510707973607,1.100822920906,-0.628039286114341,-1.25310248249435,0.738413003397891,0.683100367358398,0.693941562112039
"hsa-miR-328-3p",-1.72805288635526,-1.34236059145445,1.03613294610553,-0.0365576920853955,1.13203094606864,1.0063443635472,0.631818192785084,-0.891229552557554,0.589752301256933,-0.891229552557554,0.527081091175731,-1.72805288635526,0.684108574408215,0.309528139621546,0.584891995112627,0.0968725490763664,-0.891229552557554,1.19118341697378,0.969054326587809,-0.891229552557554,-1.72805288635526,-0.891229552557554,-0.891229552557554,-0.891229552557554,0.329413774971139,-0.121336146902475,-0.891229552557554,-0.891229552557554,0.387970012910719,-0.891229552557554,1.01420729422688,1.00297633168237,0.948086045107705,0.826032732974578,1.35340197762282,-0.891229552557554,-0.891229552557554,-0.891229552557554,1.33130446468981,0.880450617421429,0.2457330516116,0.532858633778136,1.23163938657706,1.30068510202934,1.39429644634979
"hsa-miR-31-5p",-1.20444892596909,0.36441366888805,-1.20444892596909,-0.0175700832051506,-0.0666424022882005,-1.20444892596909,-1.20444892596909,0.369245013070616,0.475275484857552,0.815165458667439,-0.0353603922845493,-1.20444892596909,-0.117327403520391,-0.449488052169756,-0.156315158754028,-1.20444892596909,1.65801421345466,0.244740180055266,-1.20444892596909,0.80556045945406,1.08896564494221,0.449027615949161,1.58138601566174,0.299707111354488,-0.783142005740716,-1.20444892596909,1.10912416458131,2.05917048788083,1.71664463495251,0.84217275100422,0.813132204435439,-1.20444892596909,0.129255180443049,0.0151297074287879,0.958361276051898,2.33573915984886,0.787288799904056,0.385636382876327,0.078540599427821,0.21956046535017,0.817500419935836,-1.20444892596909,-0.0562097022621488,-0.2211997644383,0.219929951637629
"hsa-miR-589-5p",-1.20874739122695,-1.31703349374864,-1.20874739122695,0.551156084687511,1.07683360665072,-1.20874739122695,-1.20874739122695,-0.880781404708239,0.377809581017858,-0.880781404708239,0.111423749493096,0.711711723357063,0.320358164659521,0.643419023280129,0.74879394226479,0.924807402716692,-0.880781404708239,-0.880781404708239,0.667446084039876,-0.880781404708239,-1.20874739122695,-0.880781404708239,-0.880781404708239,-0.880781404708239,1.01122790911918,-1.20874739122695,1.19340454991747,-0.880781404708239,1.0862234214971,-0.880781404708239,0.997318192035957,-1.20874739122695,1.149744711511,1.03984232576835,-0.880781404708239,-0.880781404708239,1.58156030299588,0.676255005359003,1.26428773549024,1.06023279609475,1.25916070410287,1.19972637949858,0.968498442634912,0.713128196261956,0.62422197614512
"hsa-miR-342-3p",-3.77404489280382,-1.10764968689467,0.685526266404938,-0.000633429390886435,0.849830197062444,0.603675302190867,0.238801376013055,0.588074720675379,0.498222968465251,-1.95354743087931,0.727407770281459,0.139264474606251,0.687655903826548,0.228350047335406,0.202463806144291,-1.50252929430266,1.16576487873959,0.664339019446212,0.547722186369696,-1.95354743087931,-0.231972462225738,0.7219913970066,0.843647068406167,0.30580983750508,0.184080896848251,0.380657949108642,0.2301772403878,-1.95354743087931,0.0247246182700943,-1.95354743087931,0.552692110522157,-0.0830117189562525,1.08384832448241,0.0289960881821368,0.193985459811698,-1.95354743087931,-1.95354743087931,0.498404076666114,0.595951247488683,0.231239295111314,0.212890948282479,0.269970461408474,0.504329655756361,1.11116140008156,0.207788399205704
"hsa-miR-148b-3p",-1.52398903718269,-1.00786379148066,1.04626857038955,0.655904551115655,-0.855372660151874,0.891532559310132,-1.52398903718269,-0.855372660151874,0.698326743740686,-0.855372660151874,0.433269925988411,0.321915934173908,0.243014905865836,-0.855372660151874,0.481293137182289,0.225752751231465,2.14087829959545,0.679361440176999,0.580833392665518,-0.855372660151874,-1.52398903718269,0.729342820235081,-0.855372660151874,-0.855372660151874,0.598067443534517,1.16578512522732,-0.855372660151874,-0.855372660151874,-1.52398903718269,-0.855372660151874,-1.00786379148066,1.31894500732928,1.02227418788595,0.770889530643299,1.43603688533306,-0.855372660151874,-0.855372660151874,-0.855372660151874,1.12819321361107,1.06511613501054,0.670621089380391,-0.0521216643546714,0.677218920013376,1.15599947353202,0.788575474053473
"hsa-miR-7-5p",-0.928919598511561,-0.119995122497505,-1.76784274395994,0.0117478559675455,-0.257871249354757,0.106700952496419,0.0885387350296773,-2.3727958891612,0.401241796793064,-2.3727958891612,1.30492941521093,-0.101172223042682,0.17733227277027,0.0945796553557705,0.44487274660733,0.53946346729884,-2.3727958891612,0.0564876480887863,-1.29215048835729,0.385307234937573,-0.716477638107767,0.677090545419448,1.21717142336836,0.43598779599224,0.0161340834994816,0.560643164160151,0.994948380674668,1.08654636957111,1.75121831775378,0.550481486260357,-0.796221642336857,-0.363250381524122,0.404990632204487,0.26758867692423,-0.00779350363312007,1.89304373679385,1.12480644516291,-0.250579503791402,-0.391323599664225,-0.599800621440015,-0.304066638926281,0.579372592439866,0.186677447545512,-0.0749721914942874,0.515490656568993
"hsa-miR-122-5p",-0.520233009085468,-0.114464740186399,-1.45258631824939,-0.107320577790084,-0.227325801987407,0.155001246223648,-0.416926310499875,0.289907887229787,-0.0157113598835637,-0.586983675216912,-0.118921333976701,-0.884439276293697,-1.81262579315736,-0.469442352649159,-0.20645025920614,2.03296133143133,0.599911605068244,0.0563725514979755,0.906725597105259,0.526208028808747,-0.310159175251126,0.146566124970707,-3.59564070616414,0.646513997841871,-0.828218813026214,-0.211459477953444,0.603903758728403,0.30735140187329,0.47043933539312,0.742070583077554,0.729243384885998,-0.358123778233567,0.0839864293269134,0.156586651739849,0.248166372251888,-3.59564070616414,0.641891667991072,0.347652339677823,0.424959445642526,0.664532452991604,1.30135545147759,0.0720092745261085,0.635442347029458,0.0366327676691914,-0.294309255278612
"hsa-miR-145-5p",-0.014970669185544,0.77070175635609,0.953589993506982,-0.612274693140064,1.34110921566884,0.633150762638233,-0.0439893280475636,0.895500700377648,0.229069983376245,-0.940901654865235,1.48861009174468,0.034389447787246,0.734806374771993,0.00539418279552286,0.555731355825503,0.29430911747197,-0.940901654865235,1.22847056198486,0.872017058494218,-0.940901654865235,0.341846481943318,-0.940901654865235,-0.940901654865235,-0.940901654865235,0.868509825558294,0.249225858059147,-0.940901654865235,-0.940901654865235,-2.30805644415072,0.867600432132797,0.759683699386521,0.5636282299474,-0.940901654865235,0.876439421111812,-0.940901654865235,-0.940901654865235,-0.940901654865235,-0.940901654865235,1.28005003812634,1.15035768952581,-2.30805644415072,-0.0629927234272974,1.08402738248852,1.31118404827648,-0.940901654865235
"hsa-let-7d-3p",0.811601934983454,-0.782520605626007,0.117555120462729,0.572826440328079,0.359431158890939,-0.133637617145789,-0.594252374905189,0.202545992895914,-0.590128574662386,0.487571206129133,-0.206739599124343,0.200711261916831,-0.11139171946045,0.501604936674079,0.494335302203471,0.0394230379606586,-2.40257610070027,0.0566265473484185,0.915472765074327,0.622293761907095,0.329253612763483,0.761041028146248,-2.40257610070027,0.121026057299608,0.47255775440273,0.542154160834526,-2.40257610070027,-2.40257610070027,1.06552077769065,0.168068800277766,0.596919109868529,-0.173020466771013,0.179367343799497,0.0611448053099721,1.45323146407129,-2.40257610070027,0.87461975703555,-0.0750966348502667,0.325016103258472,0.96431286186811,0.410255536653955,-0.0333922750077606,0.918094537312386,0.674329070167302,0.320828735740175
"hsa-miR-197-3p",-1.54596060814165,0.413527229403721,0.655292533029497,-0.650689866364875,0.629604170762921,0.567407547882205,-0.685663629639379,0.544460430129654,0.750243945228938,-2.04426449227589,1.06366945738017,0.134075897821204,0.480376957516073,0.151130801980828,0.259865138837459,-0.901894603043147,-2.04426449227589,0.708709390051312,0.7386356940947,1.09979654079663,-1.01506219207441,-2.04426449227589,-2.04426449227589,-0.0283383928928341,0.421308868730758,0.601921182790788,0.343330248395962,-2.04426449227589,-0.79285296593544,0.289795865383397,0.0918786600621632,0.957305154494339,0.777250730166806,0.976139796165152,0.68015832962028,1.85786915187111,0.664262643509518,0.0947469421295357,0.622854019131033,1.33889673403403,-0.351419452918359,-0.378938355758218,0.59429945848455,0.818195131940707,0.576718825347914
"hsa-miR-142-5p",-0.56940661654612,0.393772101678708,0.786326633798756,-0.7723624276634,0.603693948210412,0.697455363401761,-0.850265376934127,0.402261339430201,0.952118102031719,-2.20648876005138,1.42655779658418,-0.257928578907539,0.592108184418459,0.2467938276434,0.0232501085801935,-0.713745025954527,-2.20648876005138,0.711961682301912,0.477225712679598,-2.20648876005138,-0.480621655756654,0.222640437546488,1.1283595106174,0.683963791438228,0.491524436955161,0.505769156062264,0.51888333997624,-2.20648876005138,-1.16435256256754,-0.0100971937622876,0.337196701005828,0.518973666158741,0.768389786483823,0.731843674705982,0.802001133909487,-2.20648876005138,-0.271621008428792,0.335336015316106,0.683046572131724,0.951492736165653,0.321654882914743,-0.035840513864836,0.567471569541164,0.718388279382738,0.634840769889168
"hsa-miR-93-3p",-1.41012290419998,-1.00693193468725,0.59294417498003,1.00122675393352,1.20219462111107,-1.41012290419998,-1.41012290419998,-0.936867954934144,0.735086222812279,-0.936867954934144,0.585939095560704,0.759616003043819,0.589512081170141,0.542396008414678,0.689688585885762,0.148682373912432,-0.936867954934144,-0.936867954934144,1.17371178444567,-0.936867954934144,-1.41012290419998,0.992961258257463,-0.936867954934144,-0.936867954934144,0.939952076577562,0.752128560893484,-0.936867954934144,-0.936867954934144,0.444046145054453,0.758347077977498,-1.00693193468725,0.882999041663507,0.76691634339493,1.07631363868546,1.46805397864549,-0.936867954934144,-0.936867954934144,0.574263920336572,0.877479657437307,1.17704826381995,-1.41012290419998,0.169147271128714,1.00412166619569,1.27797207700179,1.27196517531903
"hsa-miR-199a-3p",-0.0227909672883093,0.49431272524223,1.2226784635617,-0.659239525792714,0.462542563443716,0.47141605419466,-0.104164537615746,0.327354330366412,0.449592170190835,-3.16854597756122,0.358651274765884,-0.670315116797056,0.945810824746909,-0.343013690586735,-0.760876487694737,-0.797831743681614,-3.16854597756122,0.850112842978425,0.558652398269019,0.746286294810526,-1.15601755383452,0.206670409910212,0.191819610032266,0.0408285865934271,-0.213055256309653,0.276680273503269,0.505217647861112,0.605138940218022,-2.51144523460244,-0.0575323409282602,-0.309096389017724,0.475078179650927,0.158697146013443,0.624089689048867,0.461514766374868,1.48492091126601,-0.608334777532842,0.307640458731618,1.07153758552397,0.923254458754888,0.70815220805117,0.0789186526149099,0.487855445848376,0.961888786255842,0.704015923958677
"hsa-miR-1-3p",-1.52033994074616,-0.317282750774108,-0.57637445030195,-0.549248485058146,-0.100421812088313,-0.508132167071227,-0.384146825470325,0.184150993763496,-0.122399610074293,-0.218302160044275,-0.171344238912845,-0.459652439195872,0.409615978402201,-0.716157942314058,0.563760551490809,-0.87345228624044,0.445609838226627,0.253934233785048,1.56620958210321,1.67548901013038,1.3878197124993,0.162489206400331,-2.4054793707424,-2.4054793707424,-0.971224148650105,0.803508230757655,2.07624243516212,0.465656336249829,0.944020147267485,1.19290358074034,0.45881840902286,-0.257678413038681,0.203195774822646,-1.26583247941321,-0.0209673071595405,-2.4054793707424,0.809690465084735,0.219571814595017,1.30704953451207,-1.30248488448261,0.392101308994461,-0.668362092890568,-0.215247500842937,0.268995592205992,0.303668667055502
"hsa-miR-222-3p",0.703115170938954,0.30811454498269,0.695679235631204,0.288283561125837,0.323028134064137,0.92428480857304,0.420799978877678,-0.859050326676187,0.33002576555336,-0.859050326676187,0.64856462498884,-1.77728187512756,0.456757895520401,0.297553340570159,0.483680023434654,0.570880827399432,-0.859050326676187,-0.859050326676187,0.760901704774887,-0.859050326676187,-1.77728187512756,1.1057945516174,-0.859050326676187,-0.859050326676187,0.739793420731768,0.946156642415589,-0.859050326676187,-0.859050326676187,-1.77728187512756,-0.859050326676187,-1.40083664026266,0.607905945903463,1.14736839105078,0.562284955374664,-0.859050326676187,2.50239325862571,-0.859050326676187,-0.859050326676187,0.560980626215172,0.907574492816873,-1.77728187512756,0.272790449399759,0.865657217848051,0.915042633462087,-0.859050326676187
"hsa-miR-324-5p",-1.98478046397753,0.340821888078853,1.12777173218525,-0.461101365136645,0.481953416468926,0.456611170485532,-0.105458767648713,0.360057902412286,0.760316222184174,-1.66405122712319,0.780268857234906,-0.354869469253493,0.700314770637864,-0.0875421189831363,0.135341017729818,0.277944543271359,-1.66405122712319,0.73990615747712,0.41905141211162,0.959819610282459,-1.98478046397753,0.573250728979169,1.23476048164704,0.45615793121965,0.106800085584745,0.848488971827787,-1.66405122712319,-1.66405122712319,-1.98478046397753,0.333270059911279,0.0652147249755342,0.266405925497492,0.888482257924116,0.577292261531716,0.897696897245638,-1.66405122712319,0.768669797100972,0.815228731274355,0.841978848401247,0.408133819893636,0.429748061802675,0.196000357577197,0.642451415060697,1.01642701256348,0.725169083204202
"hsa-miR-28-3p",0.417966468716221,0.350517020982489,1.0846120795107,-0.125711885515414,0.939236462579496,0.70762623873751,-0.614838304816723,0.831778448040249,0.102023365652509,-0.092881558306473,0.399114328974996,-0.284862862194946,0.616966097116225,0.0447372467591375,-0.310000678265938,0.173348973583723,-2.18548410529747,0.880749288560758,0.542135515456958,0.888297561081045,-0.611054259851966,0.281044995024339,0.889413681917644,0.878206364601133,-0.0186525872496539,0.124066487012983,0.277850539603667,-2.18548410529747,0.0622751427075374,0.22261792490493,-0.721782187153731,0.538527230579242,0.571442127031048,0.740718698376841,-0.0477962168077983,-2.18548410529747,0.22534952641708,0.514361035020406,0.950303446092471,0.724834105871252,0.565420673679914,0.161502758157524,0.873893496313601,1.11560349117261,0.780189925633821
"hsa-miR-376c-3p",0.108702029817541,0.299841259918154,1.24178938316037,0.0247390642096129,0.98285135329632,0.314384123880043,0.508255700321511,0.900487750900664,0.248311056039745,-1.16656725350736,0.68066313005845,-1.84495069027916,1.08405885300855,-0.0315592044164097,-0.00306547216866273,-0.41371242655776,-1.16656725350736,0.916839249917391,0.827131539280472,-1.16656725350736,-1.84495069027916,0.910989665220025,-1.16656725350736,-1.16656725350736,-0.489219203530721,0.659372973661175,0.846044426291191,-1.16656725350736,-1.84495069027916,0.329022340619063,0.242014664199272,-1.84495069027916,1.08591677135402,0.816378621763026,-1.16656725350736,-1.16656725350736,-1.16656725350736,0.40068517211474,1.34379028917348,0.365239873701064,0.791575716520297,0.290650885742629,0.986234815960513,1.36902493270018,1.08561688137042
"hsa-miR-30e-3p",-0.691170119993388,-1.70352753623699,0.317191321482871,0.151576527865945,0.797600436613415,0.667004873952862,-0.0892039384545564,-1.32815441357896,1.13208747888554,-1.32815441357896,1.35872592486628,0.52442494349292,0.473972705567204,0.180500419133926,0.270528566055921,-0.369181189918036,1.37049176378503,-1.32815441357896,-0.0635242424781531,-1.32815441357896,0.405287627035552,0.629985771907595,-1.32815441357896,-1.32815441357896,0.442171483704458,0.552590124777569,0.812793150110901,-1.32815441357896,0.533304295511401,-1.32815441357896,0.525948803848737,0.783321943025858,0.976469832143287,0.465766682091432,0.529765169643143,-1.32815441357896,0.767163167799837,0.737102863031238,0.95871540996872,0.324245564481027,0.0553987994435989,-0.214557368871416,0.592937524527036,0.728440662269624,0.688830776976345
"hsa-miR-99a-5p",0.345903981637143,0.0377224465031237,-0.183007171191379,-1.9283818913687,-0.265163499751707,-2.18099990320443,-2.18099990320443,0.81119705707006,-0.237837367593208,-1.9223845654035,0.414181974670125,-2.18099990320443,0.454307999715434,-0.295135620251413,-0.0246441051223635,0.743739687838856,1.43251805027993,-1.9223845654035,1.01220003837904,-1.9223845654035,0.0958841529358129,0.742649901842522,1.086071854074,0.89047742986272,-0.201872961983068,-2.18099990320443,0.426268882657795,1.95393539714756,0.0209668370652657,0.86283290639936,0.676718229835134,-0.0653357481714115,0.0654592736437094,0.438845928445595,0.387343668614115,-1.9223845654035,0.865787502393575,0.645101716227804,0.424311627270307,0.328094430109195,0.615446897652221,-0.305496479516073,0.465878268820901,0.192396474601603,0.402189093785
"hsa-miR-106b-5p",0.317359790266534,0.5473654704618,0.507277315312909,-0.914205387580597,0.419398411567435,0.901936055637118,0.373765490142364,1.09601607366067,0.108433646794875,-1.4426331265954,0.451599481841873,0.145054300897047,0.785995264255704,0.528124769204381,0.681670976623665,-0.365087998081679,-1.4426331265954,0.978330776039036,0.203778711108469,-1.4426331265954,-0.586193198329724,0.306730345099748,-1.4426331265954,-1.4426331265954,0.752827582481876,0.261185908883459,-1.4426331265954,-1.4426331265954,0.0822118636287238,0.340383048837645,0.3016789070644,0.657964727023427,0.349396146618295,0.762248319056366,0.639572994038123,-1.4426331265954,1.07088723456334,0.87194032473928,0.809738891263837,0.307289022851798,0.347370243043494,0.148599212803259,0.529178784987885,0.807872216771621,-1.4426331265954
"hsa-miR-203a-3p",0.597277190160074,0.296475132403014,0.179549339990277,0.0747086621532223,0.300369443475191,0.601483916728543,-2.1360660979811,0.974248603839885,0.472949220683568,-1.25565817215457,0.658402032487483,0.575539305460583,0.065787518452106,0.206176464282472,-0.0585790480601917,1.15482846864839,-1.25565817215457,1.1291682912064,0.249363484664021,-1.25565817215457,0.57415610224383,0.806218422533491,-1.25565817215457,0.80255753202926,-0.713238906979019,1.00897049560613,1.26430175624879,-1.25565817215457,0.363891127871407,0.948163188293786,0.232253321949681,0.286025331439353,1.04214637256253,-0.9576132961112,-1.25565817215457,-1.25565817215457,-1.25565817215457,0.849274437216269,0.537312013029348,0.295937795608264,-2.1360660979811,0.0682519641846546,0.378445854223186,0.690038249703725,-1.25565817215457
"hsa-miR-183-5p",0.347212272480323,0.875811021919328,1.08007350586422,-0.162544100293738,0.451056467229284,0.575122067860907,-1.32912815128384,-1.00538399705904,1.03118040700188,-1.00538399705904,0.0804448698582403,0.721384295646011,0.741089663525617,-0.0958631575452568,0.741276962863718,0.284699612371742,-1.00538399705904,1.41601478417067,-1.32912815128384,-1.00538399705904,-1.32912815128384,-1.00538399705904,-1.00538399705904,0.696265442123781,0.928807565943266,1.0488705921081,1.05871836637634,1.96378641042845,0.590489091622295,0.732835987607698,0.447090240455731,-1.32912815128384,-1.00538399705904,0.8007695518811,-1.00538399705904,-1.00538399705904,1.28388126982331,-1.00538399705904,0.424722441672723,-1.32912815128384,-1.32912815128384,-1.32912815128384,0.531436193064827,0.693521832393901,-1.00538399705904
"hsa-miR-628-3p",-0.0398855214848207,0.543812027029242,0.430569149830596,0.286923562436303,1.08781157650358,0.855359252910799,-0.0696208301026566,0.765866892658847,-0.406635644946554,0.825048916067318,0.883881197017136,-0.377512803140655,0.299687561273729,0.336193155529711,0.167584053928421,-0.114350776903667,-1.32258944999059,0.849604032878885,-0.0446320271665556,-1.32258944999059,0.325743646954818,-1.32258944999059,1.18786181225322,-1.32258944999059,0.580872624796694,0.0016655867650287,-1.32258944999059,-1.32258944999059,-2.38960173442126,0.327853501409523,-1.62598626748641,1.12994681188732,0.596025835568181,0.909212107528671,1.01881643474056,-1.32258944999059,-1.32258944999059,0.878010028755131,0.762311165060628,0.883334588426398,0.694925421294409,-2.38960173442126,0.712991498333491,1.09531510346948,0.827906504722555
"hsa-miR-326",0.0345190516133475,-1.07939072789155,1.13278584823004,-1.07939072789155,0.967763833841497,0.910537800524099,0.524431432735329,0.668550600136019,0.931470027480255,-0.960172542190739,0.607214943688494,-1.90840590133547,0.888023829858359,-0.120893543290896,0.287650664231723,-0.0270545129236975,-0.960172542190739,1.32320569433251,0.35473408136115,-0.960172542190739,-1.90840590133547,-0.960172542190739,-0.960172542190739,-0.960172542190739,-0.00532774920543997,1.10240676683392,-0.960172542190739,-0.960172542190739,-1.90840590133547,0.643805580376173,0.979537976981739,0.851468961613096,1.30675562475987,1.0605030010057,-0.960172542190739,-0.960172542190739,-0.960172542190739,0.720661968232633,1.5611847498974,0.562722761401411,0.126408695866582,0.69910193958637,1.16659185611576,1.44001922782431,1.3274036614059
"hsa-miR-1307-3p",-0.054402209484933,-1.79943766107951,1.07646107884734,0.429987000810264,0.570396239708395,0.984456704750278,-3.23598061668923,0.86448034805725,0.340499837425728,-1.45863885162989,0.696737364956981,-0.319520083112116,0.491100554039935,0.317321020778255,0.34206353507186,-0.137875849545392,-1.45863885162989,0.498578891232266,0.378228792533204,-1.45863885162989,-0.65889934086725,0.142204568530887,-1.45863885162989,0.736329345031329,0.374630801590948,-0.148566163596396,-1.45863885162989,-1.45863885162989,-0.0545839418716708,-1.45863885162989,0.549449167668959,0.820468626001337,1.10619643114215,0.57550906314997,0.856090788600205,-1.45863885162989,0.690257482033581,0.508450697562752,1.09210163050699,0.416327242829245,0.185149867719107,0.102759206531708,0.831566182204032,1.03638517748137,0.835916101386343
"hsa-miR-421",0.111209790412028,0.583999244735296,1.43725237549171,-0.848124118354298,0.829922966912668,-0.201463168590544,0.160643943422696,0.915646571896106,-0.0901225976339014,-1.9594139983155,0.826314124052774,0.466667479625537,0.928468414637339,0.523566466929708,0.0530771414840013,-0.394400340879399,1.31445115386187,0.17760455201627,-1.30524022861186,-1.9594139983155,-1.34063074635192,0.416105612263632,-1.9594139983155,-1.9594139983155,0.529248502164662,-0.850663019839074,0.332507872144729,-1.9594139983155,0.0385186148907432,-0.0293428598385253,0.296617806172821,1.19688468611226,-0.0195864032598415,0.678966289148798,0.294522894219315,-1.9594139983155,0.277317523473297,0.614024567174745,1.02249832914646,0.538229209736453,0.643239151395526,-0.352203824868895,0.757095562035834,1.00166834306592,0.828572149427426
