"Lineage","Program","Program class","Analysis gate","Gate-validation result","N genes","Marker genes","N paired donors","Median gate minus non-gate (z)","CI low","CI high","P value","BH q","Marker provenance"
"Astrocyte","Homeostatic","Lineage identity","Astro","Analysis-gate enriched",6,"AQP4, SLC1A2, SLC1A3, ALDH1L1, GLUL, GJA1",69,2.753,2.682,2.824,"5.3 × 10⁻¹³",0,"R1;R2"
"Astrocyte","Reactive","Shared response","Astro","Analysis-gate enriched",5,"GFAP, VIM, CD44, SERPINA3, CHI3L1",69,2.092,1.633,2.458,"5.3 × 10⁻¹³",0,"R2;R3"
"Astrocyte","Complement / inflammatory","Shared response","Astro","Shared/off-gate dominant",5,"C3, CFB, SERPING1, HLA-DRA, HLA-DPA1",73,-0.529,-0.549,-0.451,"3.3 × 10⁻¹³",0,"R2;R3"
"Astrocyte","Interferon","Shared response","Astro","Shared/off-gate dominant",6,"ISG15, IFITM3, IFI6, IFI27, MX1, STAT1",69,-0.515,-0.605,-0.487,"7.9 × 10⁻¹³",0,"R1;R2"
"Astrocyte","Stress","Shared response","Astro","Analysis-gate enriched",6,"MT1X, MT2A, FTL, FTH1, HSPA1A, HSPB1",69,0.461,0.349,0.59,"1.2 × 10⁻¹¹",0,"R1;R2"
"Microglia","Homeostatic","Lineage identity","Micro","Analysis-gate enriched",5,"P2RY12, TMEM119, CX3CR1, GPR34, SELPLG",69,2.366,2.076,2.923,"5.3 × 10⁻¹³",0,"R4"
"Microglia","DAM / endolysosomal","Disease-associated","Micro","Analysis-gate enriched",12,"APOE, TREM2, TYROBP, CTSD, GPNMB, LPL, SPP1, LGALS3, CST7, CD9, SQSTM1, GRN",69,1.77,1.408,2.183,"6.9 × 10⁻¹³",0,"R5;R6"
"Microglia","Interferon","Shared response","Micro","Shared/off-gate dominant",7,"ISG15, IFITM3, IFI44L, IFI27, MX1, OAS1, STAT1",69,-0.255,-0.356,-0.125,"5.6 × 10⁻⁷",0,"R6;R1"
"Microglia","Antigen-presenting","Shared response","Micro","Analysis-gate enriched",5,"HLA-DRA, HLA-DPA1, HLA-DPB1, CD74, B2M",69,1.705,1.544,1.963,"5.3 × 10⁻¹³",0,"R6;R1"
"Microglia","Cycling","Shared response","Micro","Shared/off-gate dominant",5,"MKI67, TOP2A, STMN1, CENPF, HMGB2",69,-0.144,-0.29,-0.036,"0.0278",0.028,"R6;R1"
"OPC","Canonical","Lineage identity","OPC","Analysis-gate enriched",7,"PDGFRA, CSPG4, VCAN, PTPRZ1, SOX10, OLIG1, OLIG2",69,2.725,2.667,2.823,"5.3 × 10⁻¹³",0,"R7"
"OPC","Cycling","Shared response","OPC","Shared/off-gate dominant",5,"MKI67, TOP2A, CENPF, STMN1, HMGB2",69,-0.388,-0.459,-0.298,"1.3 × 10⁻¹¹",0,"R7"
"OPC","Differentiating","Lineage identity","OPC","Analysis-gate enriched",6,"BCAS1, TCF7L2, ENPP6, GPR17, SOX10, OLIG1",69,2.154,2.052,2.286,"5.3 × 10⁻¹³",0,"R7;R8"
"OPC","Reactive / injury","Shared response","OPC","Shared/off-gate dominant",6,"CD44, VIM, SERPINE1, LGALS3, CHI3L1, SPP1",69,-1.693,-1.792,-1.537,"5.3 × 10⁻¹³",0,"R8;R9"
"OPC","Interferon","Shared response","OPC","Shared/off-gate dominant",5,"ISG15, IFITM3, IFI6, MX1, STAT1",69,-0.561,-0.625,-0.524,"5.3 × 10⁻¹³",0,"R8;R9"
"Oligodendrocyte","Mature / myelinating","Lineage identity","Oligo","Analysis-gate enriched",8,"MBP, PLP1, MOG, MAG, MOBP, CLDN11, OPALIN, MAL",68,2.844,2.753,2.926,"7.8 × 10⁻¹³",0,"R7;R9"
"Oligodendrocyte","Stress","Shared response","Oligo","Shared/off-gate dominant",6,"HSPA1A, HSPB1, FOS, JUN, DDIT3, ATF3",68,-0.297,-0.376,-0.215,"2.6 × 10⁻¹¹",0,"R9;R10"
"Oligodendrocyte","Disease-associated","Disease-associated","Oligo","Shared/off-gate dominant",8,"APOD, CD9, SERPINA3, C4B, HLA-DRA, B2M, CTSD, LGALS3",68,-0.204,-0.362,-0.052,"1.7 × 10⁻⁴",0,"R9;R10"
"Vascular","BBB / capillary endothelial","Lineage identity","Endo;Mural;Fibro","Analysis-gate enriched",5,"CLDN5, SLC2A1, MFSD2A, ABCB1, LEF1",69,1.193,1.173,1.223,"5.3 × 10⁻¹³",0,"R11;R12"
"Vascular","Arterial endothelial","Lineage identity","Endo;Mural;Fibro","Analysis-gate enriched",7,"GJA5, EFNB2, SOX17, DLL4, HEY1, NOTCH4, VEGFC",69,0.957,0.862,1.078,"5.3 × 10⁻¹³",0,"R11;R12"
"Vascular","Venous / inflammatory endothelial","Lineage identity","Endo;Mural;Fibro","Analysis-gate enriched",6,"ACKR1, VCAM1, SELE, ICAM1, MADCAM1, VWF",69,0.985,0.934,1.055,"5.3 × 10⁻¹³",0,"R11;R12"
"Vascular","MHC-II endothelial","Shared response","Endo;Mural;Fibro","Analysis-gate enriched",8,"HLA-DRA, HLA-DPA1, HLA-DPB1, CD74, B2M, ICAM1, VCAM1, IFITM3",69,0.87,0.799,0.983,"5.3 × 10⁻¹³",0,"R11;R12"
"Vascular","Pericyte","Lineage identity","Endo;Mural;Fibro","Analysis-gate enriched",7,"PDGFRB, RGS5, CSPG4, KCNJ8, ABCC9, NOTCH3, HIGD1B",69,0.887,0.838,0.913,"5.3 × 10⁻¹³",0,"R11;R12"
"Vascular","Smooth muscle / mural","Lineage identity","Endo;Mural;Fibro","Analysis-gate enriched",6,"ACTA2, MYH11, TAGLN, CNN1, MYL9, MCAM",69,0.845,0.701,1.08,"5.3 × 10⁻¹³",0,"R11;R12"
"Vascular","Fibroblast-like perivascular","Lineage identity","Endo;Mural;Fibro","Analysis-gate enriched",6,"COL1A1, COL1A2, DCN, LUM, PDGFRA, CEMIP",69,1.067,1.021,1.116,"5.3 × 10⁻¹³",0,"R11;R12"
