fs,clf,horizon,auc_mean,auc_std,auc_count,bal_mean,bal_std,bal_count,sens_mean,sens_std,sens_count,spec_mean,spec_std,spec_count,ppv_mean,ppv_std,ppv_count,npv_mean,npv_std,npv_count
ALSFRS slope,AdaBoost,12,0.6876925770308123,0.04708377494531359,200,0.6306092436974791,0.04617586603642748,200,0.8026470588235294,0.09364117866262688,200,0.4585714285714285,0.09848034582537078,200,0.5475758847738516,0.03937108119657139,200,0.7532726239885785,0.08366975956381778,200
ALSFRS slope,AdaBoost,24,0.675268959435626,0.058547717015867876,200,0.6184589947089947,0.05907145381236829,200,0.7528703703703704,0.12369908833671997,200,0.484047619047619,0.18781203975313668,200,0.7952057468200274,0.04525844968501525,200,0.4563792191285257,0.11055469441271354,200
ALSFRS slope,AdaBoost,36,0.7410597189695551,0.05748028175057085,200,0.6680766978922716,0.07149743517824131,200,0.7200819672131148,0.11596500790962365,200,0.6160714285714285,0.20498323430470067,200,0.8961031069856955,0.041396923748625795,200,0.3522580333518955,0.0903281339638608,200
ALSFRS slope,AdaBoost,54,0.8282528409090909,0.060910605243643404,200,0.7521875,0.061026662167403704,200,0.6575,0.08135833274221303,200,0.846875,0.1340548877874227,200,0.9738297594201643,0.021939427049716978,200,0.23641470506094564,0.04280087995903078,200
ALSFRS slope,AdaBoost,75,0.8103019323671498,0.10301850937030833,200,0.7974275362318841,0.08825558878600373,200,0.7215217391304348,0.07477739059161209,200,0.8733333333333333,0.23045605745245032,200,0.9935112452294242,0.011466248070245648,200,0.12028878233030507,0.023843499925799993,200
ALSFRS slope,ExTrees,12,0.7257528011204483,0.048116351978723375,200,0.6660224089635856,0.04467779282591948,200,0.6882352941176471,0.05029861620385192,200,0.6438095238095238,0.040425837520101884,200,0.6100227732793523,0.04372427864786796,200,0.718455626679311,0.04486278304363518,200
ALSFRS slope,ExTrees,24,0.6871935626102292,0.05225817144058214,200,0.6374206349206349,0.05136239696417094,200,0.5872222222222222,0.02932974521554069,200,0.6876190476190476,0.07466772149608233,200,0.828634800533228,0.04070360259122032,200,0.39313403739874325,0.042242280681219053,200
ALSFRS slope,ExTrees,36,0.7523711943793912,0.05157804291788334,200,0.6681528103044496,0.059574755944306786,200,0.5723770491803278,0.02246057673184602,200,0.7639285714285714,0.0979739112907661,200,0.9135989393041704,0.03561688398068549,200,0.29073801322330733,0.03680928971215,200
ALSFRS slope,ExTrees,54,0.8684185606060606,0.0450928124802301,200,0.7373390151515151,0.04588733668145936,200,0.5553030303030302,0.01193611529236311,200,0.919375,0.08302681273640358,200,0.9827528696366952,0.017702248975795132,200,0.20037380562380563,0.01779081023807827,200
ALSFRS slope,ExTrees,75,0.8941787439613527,0.049559825514107037,200,0.7636594202898551,0.0046332581687190495,200,0.5273188405797101,0.009266516337438139,200,1.0,0.0,200,1.0,0.0,200,0.08426209574738984,0.001563841939817318,200
ALSFRS slope,GBM,12,0.6365283613445378,0.04818788707492834,200,0.596186974789916,0.048393445065007146,200,0.6255882352941177,0.05707648035053666,200,0.5667857142857143,0.05276661414922859,200,0.539372994282301,0.04660706181752738,200,0.6515675420813212,0.049856640569989945,200
ALSFRS slope,GBM,24,0.635950176366843,0.06020512127540982,200,0.6042328042328042,0.056840189840589694,200,0.5887037037037037,0.04379881891855512,200,0.6197619047619047,0.08261354614046373,200,0.7991673256830686,0.0426397866106254,200,0.370177009718782,0.05087848605399799,200
ALSFRS slope,GBM,36,0.7454918032786886,0.05038695707099183,200,0.6943530444964872,0.06325923027113349,200,0.6104918032786886,0.03744921298812039,200,0.7782142857142857,0.10939778375147455,200,0.9235070422871766,0.03661605946670626,200,0.31479158295505294,0.04227555070399218,200
ALSFRS slope,GBM,54,0.8130539772727273,0.05776646032181641,200,0.7527272727272727,0.05593368960962429,200,0.6504545454545455,0.07607683603686953,200,0.855,0.13049480630416607,200,0.975117503015147,0.02124344605267581,200,0.23311319768145047,0.03690899386624444,200
ALSFRS slope,GBM,75,0.8029710144927535,0.10985258644401534,200,0.7944927536231884,0.09054814102846787,200,0.7223188405797102,0.07545973323429352,200,0.8666666666666667,0.23629373500277864,200,0.9931722621785769,0.011768041048779546,200,0.11959372738525012,0.0240817750932707,200
ALSFRS slope,LDA,12,0.7336817226890756,0.04914913554644363,200,0.6649684873949581,0.045987171072265264,200,0.6852941176470588,0.0509853185125931,200,0.6446428571428571,0.041954107157931304,200,0.6096004122642441,0.04542949346231553,200,0.7167480920770395,0.04563513870490565,200
ALSFRS slope,LDA,24,0.7029850088183421,0.053336205610668874,200,0.6424272486772488,0.05096183507567478,200,0.5884259259259259,0.028606804977781113,200,0.6964285714285714,0.07386951533063826,200,0.8329318488529015,0.04044009070934454,200,0.39686186186186184,0.0418114525160069,200
ALSFRS slope,LDA,36,0.757043325526932,0.05259907191889335,200,0.670403981264637,0.05588857041878734,200,0.5729508196721311,0.02287596799169927,200,0.7678571428571429,0.09022300565635517,200,0.9148801224449491,0.03319432407789005,200,0.29221150352032704,0.034839323932474596,200
ALSFRS slope,LDA,54,0.8755681818181819,0.045770196550498625,200,0.7405492424242424,0.04357901190848472,200,0.5548484848484848,0.011219711891450754,200,0.92625,0.07844876380615294,200,0.9841742349637087,0.016795766187631796,200,0.20141692532869002,0.016932756116252303,200
ALSFRS slope,LDA,75,0.8765217391304349,0.04838774472171557,200,0.7622101449275362,0.0031730002355394907,200,0.5244202898550724,0.0063460004710790135,200,1.0,0.0,200,1.0,0.0,200,0.08377661064425768,0.0010543449613760968,200
ALSFRS slope,LogReg,12,0.7336817226890756,0.04914913554644363,200,0.6649684873949581,0.045987171072265264,200,0.6852941176470588,0.0509853185125931,200,0.6446428571428571,0.041954107157931304,200,0.6096004122642441,0.04542949346231553,200,0.7167480920770395,0.04563513870490565,200
ALSFRS slope,LogReg,24,0.7029850088183421,0.053336205610668874,200,0.6424272486772488,0.05096183507567478,200,0.5884259259259259,0.028606804977781113,200,0.6964285714285714,0.07386951533063826,200,0.8329318488529015,0.04044009070934454,200,0.39686186186186184,0.0418114525160069,200
ALSFRS slope,LogReg,36,0.757043325526932,0.05259907191889335,200,0.670403981264637,0.05588857041878734,200,0.5729508196721311,0.02287596799169927,200,0.7678571428571429,0.09022300565635517,200,0.9148801224449491,0.03319432407789005,200,0.29221150352032704,0.034839323932474596,200
ALSFRS slope,LogReg,54,0.8755681818181819,0.045770196550498625,200,0.7405492424242424,0.04357901190848472,200,0.5548484848484848,0.011219711891450754,200,0.92625,0.07844876380615294,200,0.9841742349637087,0.016795766187631796,200,0.20141692532869002,0.016932756116252303,200
ALSFRS slope,LogReg,75,0.8765217391304349,0.04838774472171557,200,0.7622101449275362,0.0031730002355394907,200,0.5244202898550724,0.0063460004710790135,200,1.0,0.0,200,1.0,0.0,200,0.08377661064425768,0.0010543449613760968,200
ALSFRS slope,RF,12,0.6745063025210084,0.049802302799424755,200,0.6370133053221289,0.04710940900147079,200,0.656764705882353,0.05150362100351844,200,0.6172619047619048,0.044587486599976835,200,0.5816072252547684,0.046442697120927114,200,0.6895004382372804,0.04690859835040046,200
ALSFRS slope,RF,24,0.6495282186948853,0.058914979482117415,200,0.6136574074074074,0.05369586385624016,200,0.5773148148148148,0.03217894263400961,200,0.65,0.07752921720995715,200,0.8092106991211613,0.04204481284764451,200,0.37431319554848963,0.0447757946806317,200
ALSFRS slope,RF,36,0.7473682669789227,0.05233373110521154,200,0.7000439110070258,0.05746551263245268,200,0.5990163934426229,0.027785622192365935,200,0.8010714285714287,0.09919104133312993,200,0.929568166770989,0.03427316419712438,200,0.31435850678385685,0.03630559968905588,200
ALSFRS slope,RF,54,0.8252840909090909,0.06197455699279994,200,0.7645265151515152,0.05253379717631619,200,0.6403030303030303,0.06410704279297912,200,0.88875,0.12643025964049834,200,0.9807973344203876,0.020766721194370025,200,0.2328587700878052,0.029175031128304177,200
ALSFRS slope,RF,75,0.7601690821256039,0.11158416890562452,200,0.7534057971014492,0.10444789119343244,200,0.7484782608695651,0.08467994945005908,200,0.7583333333333333,0.2734021648023164,200,0.9875956158498049,0.013584474617199081,200,0.11562934225362048,0.03035252515238106,200
ALSFRS slope,SVM,12,0.7160574229691876,0.053411883306308916,200,0.6646288515406162,0.046559700253018796,200,0.6848529411764706,0.051694647657926765,200,0.6444047619047619,0.04236896593605236,200,0.6092798994437313,0.045974954229241964,200,0.7163960294881347,0.04622143385560055,200
ALSFRS slope,SVM,24,0.5435890652557319,0.1250575874691679,200,0.5309722222222222,0.08898668014754842,200,0.5252777777777777,0.050165936368238274,200,0.5366666666666666,0.1280701544891724,200,0.7445679824561404,0.07066243300572785,200,0.30540240240240235,0.07290574446677042,200
ALSFRS slope,SVM,36,0.6221604215456674,0.10418561394139478,200,0.5857669789227166,0.08865451025510075,200,0.5408196721311476,0.03395998397627417,200,0.6307142857142857,0.14394952054516563,200,0.8644871794871795,0.052973376891518924,200,0.23973670098670097,0.054763960122397856,200
ALSFRS slope,SVM,54,0.642405303030303,0.22452209495004116,200,0.5990056818181818,0.16711865873235293,200,0.5236363636363636,0.036664407618738536,200,0.674375,0.29810369578757495,200,0.9299053506948245,0.06417889438935923,200,0.14647747747747744,0.06476224940177426,200
ALSFRS slope,SVM,75,0.5966183574879227,0.32960645556223706,200,0.5685869565217392,0.23221936727847595,200,0.508840579710145,0.019857116324301084,200,0.6283333333333334,0.4473103439786102,200,0.969366541274436,0.036848497262286437,200,0.05252054154995329,0.037384302677586655,200
ALSFRS slope,kNN,12,0.6560731792717087,0.04807541688968721,200,0.6260259103641457,0.04500176829610996,200,0.7376470588235294,0.08210341827505353,200,0.5144047619047619,0.0771571210066165,200,0.5527357554552692,0.03997957635112519,200,0.7123910526606414,0.06287480171920867,200
ALSFRS slope,kNN,24,0.6427667548500883,0.058923369134357036,200,0.6231481481481481,0.05411651933416487,200,0.7012962962962963,0.08223913019079333,200,0.545,0.09998888941114722,200,0.7990027788097492,0.03520896485963015,200,0.4219007429730855,0.06995972479733079,200
ALSFRS slope,kNN,36,0.7119291569086651,0.060743367418034995,200,0.6771370023419203,0.06466798382061455,200,0.6821311475409836,0.06207813385583777,200,0.672142857142857,0.12406764375802802,200,0.9015780757769152,0.033489720344387096,200,0.3292036413711125,0.054328878851683506,200
ALSFRS slope,kNN,54,0.8052130681818181,0.06650954621014402,200,0.7763352272727272,0.058824409115067235,200,0.6995454545454546,0.060627185293596404,200,0.853125,0.13866143785037593,200,0.9765137392706688,0.02104121995356792,200,0.2591026594354937,0.037744006555917815,200
ALSFRS slope,kNN,75,0.7080072463768116,0.12280765511209987,200,0.7019565217391305,0.12017812641363429,200,0.8205797101449275,0.05150281704465879,200,0.5833333333333333,0.26471226860113983,200,0.9789478855831092,0.012746999731294084,200,0.12252773804936778,0.04898525818800584,200
NfL,AdaBoost,12,0.6495694752402069,0.04996907454311122,200,0.6106467110125646,0.05791166563324889,200,0.7378787878787878,0.09696351053815598,200,0.4834146341463415,0.1528119717792305,200,0.5415562916512084,0.05350114268782594,200,0.6894889483010688,0.09670439508838412,200
NfL,AdaBoost,24,0.6049313186813187,0.05411659117426632,200,0.5919093406593406,0.06789793677851726,200,0.6606927104309304,0.10187236703447114,191,0.531787584143605,0.18663542343309664,191,0.7833494505697415,0.05065952050917327,191,0.3787808803829221,0.08217422441649191,191
NfL,AdaBoost,36,0.6663256658595641,0.062479218948907955,200,0.5897578692493947,0.08685699337387315,200,0.6927966101694915,0.1313719900434764,184,0.5023291925465838,0.2600604468934503,184,0.8617052834909024,0.050005279271474995,184,0.267327443954763,0.08170191487948773,184
NfL,AdaBoost,54,0.6363076923076924,0.07933291815324084,200,0.5807836538461538,0.0863822236441414,200,0.6291292463881296,0.10528115686907882,197,0.5348984771573604,0.2153331302597559,197,0.9186584009354251,0.030315373059920457,197,0.15064615840114587,0.04659088095050243,197
NfL,AdaBoost,75,0.6405845771144278,0.1365202475020887,200,0.5865796019900498,0.15203797761962626,200,0.6064925373134329,0.06127780082723155,200,0.5666666666666667,0.30075282427025124,200,0.9692314369634798,0.020600626285218828,200,0.0606492207695591,0.0336548818127833,200
NfL,ExTrees,12,0.6913728750923873,0.04831309612874188,200,0.6477864005912787,0.04411686374373047,200,0.6660606060606061,0.04907513371518855,200,0.6295121951219512,0.03983335438918526,200,0.5913623846518583,0.043466805296542205,200,0.700794187044187,0.04379916189012008,200
NfL,ExTrees,24,0.6348855311355311,0.05625108630627556,200,0.6204464285714286,0.05616648086365357,200,0.57875,0.03275151531644266,200,0.662142857142857,0.08053500783710918,200,0.8092590819564504,0.0452896823109305,200,0.38829388422035477,0.046862227708536396,200
NfL,ExTrees,36,0.7024213075060532,0.059535726514711125,200,0.6529721549636804,0.05892931669116417,200,0.5673728813559322,0.022856027014649814,200,0.7385714285714287,0.09565474785177153,200,0.9014681584418427,0.036010394993980364,200,0.2882922502334267,0.03710782784001411,200
NfL,ExTrees,54,0.6759951923076923,0.07537954038295126,200,0.6442548076923076,0.07862430945937454,200,0.5403846153846154,0.017239374680319466,200,0.748125,0.14093053770310549,200,0.9457985009300799,0.03016102141621558,200,0.16685270774976654,0.03125473767352528,200
NfL,ExTrees,75,0.7002363184079602,0.12352868716141106,200,0.6710820895522387,0.12321197311770878,200,0.5171641791044777,0.01213281388082046,200,0.825,0.23614600523841484,200,0.9850862460204566,0.02014141204076724,200,0.07106561942958999,0.020305197434593157,200
NfL,GBM,12,0.6387010347376202,0.05397116554021687,200,0.6025369549150037,0.05165145174970629,200,0.6278787878787879,0.0606943167354474,200,0.5771951219512195,0.05006743947518332,200,0.5445966540773874,0.04968822682741748,200,0.6585645225589956,0.05308921866830961,200
NfL,GBM,24,0.5975160256410257,0.059102414739360114,200,0.579143772893773,0.05666583485538846,200,0.5701923076923077,0.039639386486398975,200,0.5880952380952381,0.08209780419485832,200,0.7741371126969538,0.044302582309765554,200,0.35617526109021147,0.04924612804940827,200
NfL,GBM,36,0.6397730024213075,0.06265969909578369,200,0.5898426150121066,0.0635994865931311,200,0.5625423728813559,0.030603435099361257,200,0.6171428571428571,0.10931396816761385,200,0.8613286683605181,0.037757445417011315,200,0.25056400323469125,0.04170662425200416,200
NfL,GBM,54,0.6200817307692308,0.07668699139905955,200,0.5894375000000001,0.08454108849818234,200,0.5670000000000001,0.0401121647033454,200,0.611875,0.16164857153217277,200,0.9227683010954872,0.03030899779513923,200,0.14783088221646096,0.03713865565871462,200
NfL,GBM,75,0.6408830845771145,0.13666394071130333,200,0.588047263681592,0.1431678157413314,200,0.5877611940298507,0.059033235926629686,200,0.5883333333333333,0.2988485253340908,200,0.9703313935339771,0.020518918784311037,200,0.058960555021023396,0.02910425333821706,200
NfL,LDA,12,0.7035144124168515,0.050238247311422096,200,0.6592941611234293,0.0476377141944321,200,0.6765151515151515,0.05278773735058696,200,0.6420731707317073,0.042487691038277306,200,0.6033783783783784,0.047080954934307286,200,0.7114864864864865,0.047080954934307286,200
NfL,LDA,24,0.66242673992674,0.05547927733948769,200,0.6388415750915751,0.052662123931454904,200,0.5867307692307692,0.03029875623453571,200,0.6909523809523809,0.07502549162837413,200,0.8245945945945947,0.04258203578907724,200,0.40305555555555556,0.043764870116551585,200
NfL,LDA,36,0.705042372881356,0.05766686074963362,200,0.6699455205811138,0.05720502741334562,200,0.5720338983050847,0.02194165435032436,200,0.7678571428571429,0.09246840047636691,200,0.9121621621621623,0.03498804342349028,200,0.2986111111111111,0.03595993351858715,200
NfL,LDA,54,0.704326923076923,0.06803359460549724,200,0.670201923076923,0.06977130217508942,200,0.5441538461538462,0.015292340202759316,200,0.79625,0.12425026414741946,200,0.955945945945946,0.026864921977820422,200,0.1769444444444444,0.02761116981053766,200
NfL,LDA,75,0.6870398009950249,0.09416230376087821,200,0.7028606965174129,0.08601266974968864,200,0.5173880597014925,0.007372514549973282,200,0.8883333333333333,0.16465282494940403,200,0.9904285714285714,0.01411309928137749,200,0.07614285714285712,0.01411309928137751,200
NfL,LogReg,12,0.7035144124168515,0.050238247311422096,200,0.6592941611234293,0.0476377141944321,200,0.6765151515151515,0.05278773735058696,200,0.6420731707317073,0.042487691038277306,200,0.6033783783783784,0.047080954934307286,200,0.7114864864864865,0.047080954934307286,200
NfL,LogReg,24,0.66242673992674,0.05547927733948769,200,0.6388415750915751,0.052662123931454904,200,0.5867307692307692,0.03029875623453571,200,0.6909523809523809,0.07502549162837413,200,0.8245945945945947,0.04258203578907724,200,0.40305555555555556,0.043764870116551585,200
NfL,LogReg,36,0.705042372881356,0.05766686074963362,200,0.6699455205811138,0.05720502741334562,200,0.5720338983050847,0.02194165435032436,200,0.7678571428571429,0.09246840047636691,200,0.9121621621621623,0.03498804342349028,200,0.2986111111111111,0.03595993351858715,200
NfL,LogReg,54,0.704326923076923,0.06803359460549724,200,0.670201923076923,0.06977130217508942,200,0.5441538461538462,0.015292340202759316,200,0.79625,0.12425026414741946,200,0.955945945945946,0.026864921977820422,200,0.1769444444444444,0.02761116981053766,200
NfL,LogReg,75,0.6870398009950249,0.09416230376087821,200,0.7028606965174129,0.08601266974968864,200,0.5173880597014925,0.007372514549973282,200,0.8883333333333333,0.16465282494940403,200,0.9904285714285714,0.01411309928137749,200,0.07614285714285712,0.01411309928137751,200
NfL,RF,12,0.6491925351071692,0.051956055462952434,200,0.6090410199556541,0.04493747226420996,200,0.6245454545454545,0.05008310622230678,200,0.5935365853658536,0.041298888450513556,200,0.552975849837692,0.04420705070836108,200,0.6626196532667121,0.0446853543337867,200
NfL,RF,24,0.6016117216117216,0.0568087110288588,200,0.5873397435897436,0.05104502113385034,200,0.5613461538461538,0.029828960453659938,200,0.6133333333333334,0.07388840931867109,200,0.7824366907393224,0.041087486655898946,200,0.36084434682964095,0.042677418951908484,200
NfL,RF,36,0.6348789346246974,0.06276910011284777,200,0.5862923728813559,0.062393930948542335,200,0.5500847457627118,0.0288257062428522,200,0.6225,0.10386281016341972,200,0.8601158793314808,0.03770444183448474,200,0.24711889694740943,0.03989148716549156,200
NfL,RF,54,0.6216778846153846,0.07235055698414472,200,0.5942788461538462,0.0840341564364131,200,0.5523076923076924,0.03235202289300535,200,0.63625,0.15860474401517946,200,0.925445685555577,0.03121173522217102,200,0.14853515630854827,0.03499122310519025,200
NfL,RF,75,0.6593905472636815,0.14221223621456597,200,0.6148383084577115,0.160155608552113,200,0.5763432835820895,0.053504975380382014,200,0.6533333333333333,0.3339023618809572,200,0.9748055582356979,0.02358833604375236,200,0.06304725859754465,0.031190903854781366,200
NfL,SVM,12,0.6963470066518848,0.050991963373467744,200,0.6576533628972654,0.04791615939651197,200,0.6746969696969697,0.05309628473667543,200,0.640609756097561,0.04273603405634855,200,0.6017567567567568,0.04735614584622402,200,0.7098648648648649,0.04735614584622402,200
NfL,SVM,24,0.48854853479853483,0.0771141140542735,200,0.49131868131868134,0.06548366131856297,200,0.5019230769230769,0.03772979999125487,200,0.4807142857142857,0.09325495681194315,200,0.7053058321479374,0.052947391512331715,200,0.28046031746031747,0.05442249564611334,200
NfL,SVM,36,0.5239225181598063,0.11389349540425937,200,0.5132960048426151,0.09038641851238444,200,0.5119491525423728,0.03466876326502416,200,0.5146428571428572,0.14610407375974468,200,0.8163513513513514,0.055282622503687165,200,0.20013888888888887,0.05681825090656737,200
NfL,SVM,54,0.53925,0.11505722623456768,200,0.5084471153846154,0.10172239752078754,200,0.5087692307692308,0.02227093996069933,200,0.508125,0.18119746682811158,200,0.8936664295874823,0.03916550649323036,200,0.1129285714285714,0.04025766449305613,200
NfL,SVM,75,0.5502487562189055,0.16422417517567137,200,0.5296019900497513,0.1581825136740564,200,0.5025373134328358,0.01355850117206199,200,0.5566666666666666,0.3028065261760509,200,0.9620000000000001,0.025954845100804338,200,0.04771428571428568,0.025954845100804355,200
NfL,kNN,12,0.622869549150037,0.04947901938266136,200,0.5891149297856615,0.043266649857717714,200,0.7103030303030303,0.07820118677432618,200,0.46792682926829265,0.07508934131121334,200,0.5187985230770932,0.03641215112537739,200,0.6704331704272662,0.059958615018691555,200
NfL,kNN,24,0.5808173076923078,0.058004837565722805,200,0.5633791208791209,0.056672445883378615,200,0.6696153846153847,0.07418693915818987,200,0.4571428571428571,0.1103163269756657,200,0.7541552700662774,0.038443599532195345,200,0.36023902132943314,0.06556980623421461,200
NfL,kNN,36,0.5944945520581114,0.06538058054192974,200,0.5617826876513317,0.062401348992381485,200,0.6467796610169492,0.08257049833470054,200,0.47678571428571426,0.13716915801286364,200,0.8398738466267553,0.03195932773039425,200,0.24430953309733605,0.0600486417740086,200
NfL,kNN,54,0.5901586538461538,0.07712869801872706,200,0.5562067307692308,0.07042855814980999,200,0.7205384615384616,0.10767328232187925,200,0.391875,0.18015448249436938,200,0.9069199785268336,0.021783647771047986,200,0.14973931085352926,0.05320708981257467,200
NfL,kNN,75,0.6011194029850746,0.13586194574826163,200,0.6087686567164179,0.1383045496223767,200,0.7725373134328357,0.05288549793702009,200,0.445,0.29565530656747485,200,0.9694182457954084,0.01555423696306311,200,0.07667327783342723,0.04764262633578447,200
NfL + slope,AdaBoost,12,0.7005192165558018,0.04821644424725869,200,0.6394050258684405,0.045799193291158065,200,0.6951515151515152,0.06918429568267097,200,0.5836585365853658,0.06631303328013533,200,0.5745046601164349,0.04372069377414194,200,0.7058793760812924,0.0535137346980328,200
NfL + slope,AdaBoost,24,0.6603502747252747,0.0509108471841337,200,0.624933608058608,0.05715100399710657,200,0.6260576923076924,0.06534132756111616,200,0.6238095238095238,0.10371466387797627,200,0.8058013706068866,0.04397741913722224,200,0.40439387366642054,0.05550129611771455,200
NfL + slope,AdaBoost,36,0.75727602905569,0.05005010786256832,200,0.7045671912832929,0.05982017658728888,200,0.6244915254237288,0.059642932176289874,200,0.7846428571428571,0.1271875551587609,200,0.9261636328142118,0.03656130127462342,200,0.33339891625744983,0.045181531610746305,200
NfL + slope,AdaBoost,54,0.8196778846153846,0.0618911482721792,200,0.744826923076923,0.06327527984072787,200,0.5821538461538461,0.029564348919058243,200,0.9075,0.12357224810819199,200,0.9813363766280659,0.02418917317438721,200,0.21088102202105993,0.026013525812986982,200
NfL + slope,AdaBoost,75,0.7922388059701493,0.14862571943953018,200,0.7575621890547264,0.10276981408776296,200,0.6017910447761193,0.07184899658790725,200,0.9133333333333333,0.2145984264747751,200,0.9941356562920544,0.014482384804690338,200,0.0941516709226582,0.024837528018279847,200
NfL + slope,ExTrees,12,0.7488340724316335,0.04590194286817762,200,0.6752919438285292,0.046942580947618134,200,0.6942424242424242,0.05201745456357684,200,0.6563414634146342,0.04186770733165941,200,0.6191891891891892,0.04639394596210906,200,0.7272972972972973,0.04639394596210906,200
NfL + slope,ExTrees,24,0.6920970695970696,0.0539441011051535,200,0.6460279304029304,0.05059022093531241,200,0.5908653846153846,0.02910670245593319,200,0.7011904761904763,0.07207373941469167,200,0.8304054054054055,0.04090671696509528,200,0.40902777777777777,0.042043014658570126,200
NfL + slope,ExTrees,36,0.786843220338983,0.04882506756757509,200,0.7254025423728814,0.04698645851785015,200,0.5933050847457627,0.018022203267120625,200,0.8575,0.07595071376857969,200,0.9460810810810811,0.028738107912435563,200,0.3334722222222222,0.029536388687780975,200
NfL + slope,ExTrees,54,0.8634807692307693,0.04719326688582329,200,0.7589951923076923,0.039291501407588594,200,0.5636153846153846,0.008611835924950906,200,0.954375,0.0699711668902263,200,0.9901351351351352,0.01512890094923809,200,0.21208333333333332,0.01554914819782808,200
NfL + slope,ExTrees,75,0.8852985074626867,0.054227943993688056,200,0.761231343283582,0.0005276916277511586,200,0.5224626865671641,0.001055383255502309,200,1.0,0.0,200,1.0,0.0,200,0.0857268907563025,0.00017826221374450427,200
NfL + slope,GBM,12,0.6695029563932003,0.051886856806538095,200,0.6160033259423503,0.05240708790024709,200,0.630909090909091,0.05841635889633825,200,0.6010975609756097,0.04746967204173991,200,0.5600935811462127,0.05160009201039333,200,0.6692636207636208,0.05211776621438391,200
NfL + slope,GBM,24,0.6424221611721612,0.05164814093774506,200,0.6093200549450549,0.05110949266471277,200,0.5722115384615385,0.030936531784289515,200,0.6464285714285714,0.07231050021469543,200,0.8002479529124266,0.04109155359844731,200,0.3790692004074357,0.04280225512833754,200
NfL + slope,GBM,36,0.732136803874092,0.04789648181186026,200,0.6909140435835351,0.052900841409122955,200,0.5825423728813559,0.021780530114688994,200,0.7992857142857143,0.08544765901135001,200,0.9244220510996827,0.032159140211940086,200,0.312446099651982,0.033594224790516866,200
NfL + slope,GBM,54,0.7838269230769231,0.06771768662776227,200,0.7187403846153846,0.06459178979883518,200,0.5662307692307692,0.02432264565281574,200,0.87125,0.12143794039275435,200,0.9730890121244574,0.024865837342945615,200,0.1981441626619749,0.02593396261232463,200
NfL + slope,GBM,75,0.7808084577114428,0.1423383962132862,200,0.7353855721393034,0.09763441734371109,200,0.5891044776119403,0.07205358662289087,200,0.8816666666666667,0.21370544389513982,200,0.9918340362157504,0.014593097383504722,200,0.08839836205102593,0.021353278873403738,200
NfL + slope,LDA,12,0.7563525498891353,0.046776944549260055,200,0.6762490761271249,0.04765822032644127,200,0.6953030303030303,0.052810460361732224,200,0.6571951219512195,0.042505980291150325,200,0.6201351351351352,0.04710122140370707,200,0.7282432432432432,0.04710122140370707,200
NfL + slope,LDA,24,0.6990201465201465,0.05484672775216683,200,0.653882783882784,0.05349244932383104,200,0.5953846153846154,0.030776477693163107,200,0.7123809523809524,0.07620842095449905,200,0.8367567567567568,0.04325342810931026,200,0.41555555555555557,0.04445491222345775,200
NfL + slope,LDA,36,0.7750544794188862,0.05202941074822527,200,0.7223093220338983,0.04793337367815674,200,0.5921186440677966,0.018385403602580692,200,0.8525,0.07748134375373278,200,0.9441891891891891,0.02931726520411508,200,0.3315277777777778,0.030131633682007226,200
NfL + slope,LDA,54,0.8397019230769232,0.057504169946777595,200,0.7463605769230769,0.04864974535284877,200,0.5608461538461538,0.01066295788555588,200,0.931875,0.08663653282014164,200,0.9852702702702704,0.018732223312463017,200,0.20708333333333329,0.01925256284892038,200
NfL + slope,LDA,75,0.8480597014925373,0.05760815812816757,200,0.7611940298507462,0.0,200,0.5223880597014925,0.0,200,1.0,0.0,200,1.0,0.0,200,0.08571428571428569,0.0,200
NfL + slope,LogReg,12,0.7573540280857354,0.04576337139366255,200,0.6759756097560975,0.04604437794261187,200,0.695,0.05102214853100239,200,0.6569512195121952,0.041066607354221414,200,0.6198648648648648,0.04550624058170483,200,0.727972972972973,0.04550624058170483,200
NfL + slope,LogReg,24,0.7004258241758242,0.05459664582720005,200,0.6512087912087913,0.05325261883117056,200,0.5938461538461539,0.03063849302615296,200,0.7085714285714286,0.07586674463618821,200,0.8345945945945946,0.043059503712431155,200,0.41333333333333333,0.044255601037776426,200
NfL + slope,LogReg,36,0.7778753026634382,0.04892532003078574,200,0.7147972154963681,0.04852339518411183,200,0.5892372881355932,0.018611713221303228,200,0.8403571428571428,0.07843507714692054,200,0.9395945945945947,0.02967813729883482,200,0.32680555555555557,0.0305025300015802,200
NfL + slope,LogReg,54,0.866548076923077,0.05028571155769115,200,0.7403942307692307,0.04991201913406658,200,0.5595384615384615,0.010939620632124166,200,0.92125,0.088884417636009,200,0.982972972972973,0.019218252461839714,200,0.20472222222222217,0.019752092808002015,200
NfL + slope,LogReg,75,0.863681592039801,0.051343310714543657,200,0.7611940298507462,0.0,200,0.5223880597014925,0.0,200,1.0,0.0,200,1.0,0.0,200,0.08571428571428569,0.0,200
NfL + slope,RF,12,0.7155192165558019,0.04852466795872278,200,0.6476256467110126,0.046389205056073884,200,0.6637878787878787,0.05142931248039195,200,0.6314634146341463,0.04140822408513983,200,0.5917887624466571,0.045840083739134084,200,0.7000150150150151,0.045859815030251654,200
NfL + slope,RF,24,0.6696474358974359,0.05330509314540511,200,0.6329212454212454,0.052036106552475266,200,0.5834615384615385,0.030141943644589428,200,0.6823809523809524,0.0739731799952327,200,0.8197652916073969,0.04202014291146709,200,0.3981825396825397,0.04331171937687288,200
NfL + slope,RF,36,0.7610290556900726,0.04572957918265989,200,0.7092645278450362,0.046827187592952194,200,0.5874576271186441,0.017694211024293714,200,0.8310714285714286,0.07617991297317793,200,0.9361512929933983,0.028709477732506053,200,0.3233949579831933,0.029364340892622076,200
NfL + slope,RF,54,0.8266778846153846,0.06024688268108567,200,0.7206634615384615,0.059599327457097125,200,0.5600769230769231,0.014393882319765551,200,0.88125,0.10906610185050314,200,0.9747053398194285,0.023169934870873342,200,0.197696391435362,0.02341992085072645,200
NfL + slope,RF,75,0.818681592039801,0.10797562743575191,200,0.7271890547263682,0.09689292574388654,200,0.556044776119403,0.035408432473012834,200,0.8983333333333333,0.20105111838901027,200,0.9922987969932787,0.014783763687977706,200,0.08270418520584799,0.017973352966174746,200
NfL + slope,SVM,12,0.7279305247597931,0.05125041506801749,200,0.6763858093126386,0.047147076023211276,200,0.6954545454545454,0.052244057214909836,200,0.6573170731707317,0.042050094831512785,200,0.6202702702702703,0.04659605102951418,200,0.7283783783783784,0.04659605102951418,200
NfL + slope,SVM,24,0.5454784798534799,0.11137349419203758,200,0.5452518315018315,0.08856657863582389,200,0.5328846153846154,0.050956113735679466,200,0.5576190476190476,0.1261770435359682,200,0.7489189189189189,0.07161399768257656,200,0.3252777777777778,0.07360327539598148,200
NfL + slope,SVM,36,0.5614406779661018,0.13607313171781124,200,0.5417978208232446,0.10234584612064888,200,0.5228813559322034,0.03925594097778311,200,0.5607142857142857,0.1654357512635146,200,0.8337837837837838,0.06259731128889746,200,0.21805555555555553,0.0643361254913668,200
NfL + slope,SVM,54,0.7392980769230769,0.10157149166343715,200,0.6589711538461538,0.08373254110548045,200,0.5416923076923077,0.018352337776543683,200,0.77625,0.14911274443441716,200,0.9516216216216216,0.032240593391225356,200,0.17249999999999996,0.03313616542987048,200
NfL + slope,SVM,75,0.8274626865671643,0.0898320309502441,200,0.7498756218905472,0.06066650411933129,200,0.5214179104477611,0.00519998606737125,200,0.9783333333333333,0.11613302217129128,200,0.9981428571428572,0.009954259043253545,200,0.08385714285714284,0.009954259043253547,200
NfL + slope,kNN,12,0.7079379157427939,0.0463208351180052,200,0.6527272727272727,0.042936263227592586,200,0.7604545454545455,0.07370275572768013,200,0.545,0.06374270497804689,200,0.5743965190251997,0.037545098518577645,200,0.7423920350885426,0.05908347749458631,200
NfL + slope,kNN,24,0.6286080586080586,0.055856855748496845,200,0.5907806776556777,0.052303223006523514,200,0.6939423076923077,0.07552797274010842,200,0.4876190476190476,0.1020801437449464,200,0.7710492771747726,0.03546220139112521,200,0.39556195530649346,0.06450641490487811,200
NfL + slope,kNN,36,0.7004509685230025,0.05831168246662396,200,0.6509957627118643,0.057715947980412796,200,0.6694915254237288,0.06463544059076053,200,0.6325,0.11643648760407896,200,0.8857271757872376,0.03100789722845157,200,0.31504794399298164,0.04990198693692765,200
NfL + slope,kNN,54,0.7780144230769231,0.07493819358076471,200,0.7333509615384615,0.06465128978507388,200,0.676076923076923,0.06381929940402481,200,0.790625,0.13376171108265175,200,0.9640980495568229,0.02175347236755542,200,0.23494415966482016,0.04472163498888159,200
NfL + slope,kNN,75,0.7764800995024876,0.14400407113236643,200,0.7825248756218905,0.14638365637044753,200,0.8467164179104478,0.046546418654933856,200,0.7183333333333333,0.30278347645224457,200,0.9857616925622148,0.015163128042306104,200,0.17585497901987332,0.07609867336020368,200
Plasma-5,AdaBoost,12,0.5215021008403361,0.05643292636468425,200,0.5190966386554622,0.0495049236256272,200,0.564264705882353,0.08586720232901664,200,0.47392857142857137,0.08274060216798013,200,0.4651686374036305,0.046472967035931984,200,0.5750040617501426,0.057525653889306784,200
Plasma-5,AdaBoost,24,0.5829805996472663,0.061998400409981266,200,0.5774537037037036,0.05504194824496666,200,0.576574074074074,0.052037551998925,200,0.5783333333333333,0.0861144973344772,200,0.7786332710115539,0.041756869992488226,200,0.3478736348974133,0.049287205256149026,200
Plasma-5,AdaBoost,36,0.5971896955503513,0.07300972264503322,200,0.5768911007025761,0.06452610341424606,200,0.5516393442622951,0.04163336972665937,200,0.6021428571428572,0.1063345918844748,200,0.8579000060724427,0.037317162861284926,200,0.23629010715684426,0.042548446873869904,200
Plasma-5,AdaBoost,54,0.7344744318181818,0.05684172408791902,200,0.7147632575757575,0.049512158441466746,200,0.5501515151515151,0.0142805880410648,200,0.879375,0.08894402494189435,200,0.9741425098323365,0.01905932535299315,200,0.19158666382195794,0.01926792920680609,200
Plasma-5,AdaBoost,75,0.7744806763285024,0.13121047092176638,200,0.7025,0.0953131370825518,200,0.535,0.032610597214318256,200,0.87,0.19425012225071195,200,0.9898714748577464,0.014934383208561778,200,0.07506660201159003,0.015784639064728552,200
Plasma-5,ExTrees,12,0.5440126050420168,0.053587784803773235,200,0.525280112044818,0.05031718114347519,200,0.5279411764705882,0.05561372652699889,200,0.5226190476190475,0.04502063575995147,200,0.47236842105263155,0.04975965005047269,200,0.5776315789473684,0.0497596500504727,200
Plasma-5,ExTrees,24,0.6601432980599646,0.0573924696007106,200,0.6406349206349207,0.05178942751183249,200,0.5855555555555556,0.028973281267884506,200,0.6957142857142857,0.07469060908993028,200,0.8318947368421052,0.0412287773259107,200,0.394965250965251,0.04231210420559809,200
Plasma-5,ExTrees,36,0.6733723653395784,0.07163866102372189,200,0.6464110070257612,0.05568740147933317,200,0.5613934426229509,0.020755613013830294,200,0.7314285714285714,0.09064542553229744,200,0.9010695006747638,0.03337996554230217,200,0.27679054054054053,0.034268407138981716,200
Plasma-5,ExTrees,54,0.8111647727272726,0.04956160884654647,200,0.7568276515151515,0.034614514335954284,200,0.5555303030303029,0.007484219315882025,200,0.958125,0.06174480935602654,200,0.990945945945946,0.013350229049951623,200,0.20716216216216213,0.013350229049951666,200
Plasma-5,ExTrees,75,0.8572222222222223,0.09201866126957285,200,0.7304347826086957,0.06624706064315786,200,0.5192028985507247,0.005520588386929808,200,0.9416666666666668,0.12697353289938584,200,0.9951388888888889,0.010581127741615497,200,0.0784722222222222,0.010581127741615497,200
Plasma-5,GBM,12,0.524607843137255,0.06035780786769531,200,0.5147514005602241,0.054445391858811865,200,0.516764705882353,0.060535966939357866,200,0.5127380952380952,0.04855959744050276,200,0.4619155886902998,0.053772558124987956,200,0.5672632595001016,0.053917735406196536,200
Plasma-5,GBM,24,0.571358024691358,0.06506728468719779,200,0.5621031746031746,0.05731214620724161,200,0.5427777777777778,0.032336672691686746,200,0.5814285714285714,0.08290441011360922,200,0.7693119818777714,0.04553008448189219,200,0.33087800787800786,0.04693440389292651,200
Plasma-5,GBM,36,0.5735831381733021,0.06955536896349777,200,0.5583782201405152,0.06194185870586172,200,0.5303278688524591,0.024638171551606858,200,0.5864285714285714,0.1001460322304914,200,0.8481412437049471,0.03695355438920911,200,0.2228048868195927,0.03834105292632901,200
Plasma-5,GBM,54,0.7370170454545455,0.05896880231748664,200,0.7103219696969697,0.06364974024516909,200,0.5468939393939394,0.014135045191414206,200,0.87375,0.11415931519692621,200,0.9728113305613306,0.024542759449521865,200,0.18943823024705378,0.02457330084667884,200
Plasma-5,GBM,75,0.7655314009661837,0.14787392310602684,200,0.6898188405797101,0.10527774466879826,200,0.601304347826087,0.1058034362899423,200,0.7783333333333333,0.2637137595139989,200,0.985754606915163,0.01606746427231386,200,0.07879377157040193,0.023598074481974266,200
Plasma-5,LDA,12,0.5385329131652661,0.051896827164495736,200,0.526344537815126,0.047721276486498196,200,0.5291176470588236,0.05274456874823488,200,0.5235714285714286,0.04269798422476158,200,0.4734210526315789,0.04719250887999963,200,0.5786842105263158,0.047192508879999644,200
Plasma-5,LDA,24,0.6474911816578484,0.058312004046048506,200,0.6352513227513228,0.05186424056763226,200,0.5824074074074074,0.029043974717874076,200,0.6880952380952381,0.07468450641739045,200,0.8276315789473684,0.041273016704347375,200,0.3905405405405405,0.042388503642302705,200
Plasma-5,LDA,36,0.639016393442623,0.06951315340688705,200,0.6356118266978923,0.06027810593109727,200,0.5572950819672131,0.022503826214276258,200,0.7139285714285714,0.09805238564791827,200,0.8946052631578947,0.036124563133443505,200,0.2701351351351351,0.0371009026775907,200
Plasma-5,LDA,54,0.7766382575757576,0.06002992892807623,200,0.7358049242424243,0.04721906230631297,200,0.5509848484848484,0.010209526985148735,200,0.920625,0.08422859762747718,200,0.9828378378378378,0.018211588676211234,200,0.19905405405405405,0.018211588676211296,200
Plasma-5,LDA,75,0.8303381642512078,0.12149137904910645,200,0.7,0.08673776284731452,200,0.5166666666666666,0.007228146903942852,200,0.8833333333333333,0.16624737879068613,200,0.9902777777777777,0.013853948232557192,200,0.07361111111111107,0.013853948232557188,200
Plasma-5,LogReg,12,0.5381512605042017,0.05178300233969424,200,0.5255462184873949,0.04778461625253149,200,0.528235294117647,0.05281457585806116,200,0.5228571428571428,0.042754656647001885,200,0.47263157894736835,0.047255146820370485,200,0.5778947368421052,0.04725514682037049,200
Plasma-5,LogReg,24,0.6498500881834215,0.05785468676813515,200,0.6369047619047619,0.05220745384557427,200,0.5833333333333334,0.029236174153521612,200,0.6904761904761905,0.07517873353762695,200,0.8289473684210527,0.04154614221816228,200,0.3918918918918919,0.042669010926761244,200
Plasma-5,LogReg,36,0.6458723653395785,0.0673797798887489,200,0.6373682669789227,0.059449401361427456,200,0.5579508196721311,0.02219444317493289,200,0.7167857142857144,0.09670435954792211,200,0.8956578947368421,0.03562792193870812,200,0.2712162162162162,0.03659083874786244,200
Plasma-5,LogReg,54,0.7881912878787878,0.055212051560136526,200,0.7449147727272727,0.041559926637946346,200,0.5529545454545454,0.008985930083880269,200,0.936875,0.07413392319201238,200,0.9863513513513514,0.016028956365840466,200,0.20256756756756755,0.016028956365840508,200
Plasma-5,LogReg,75,0.8481642512077294,0.10215660418867542,200,0.711304347826087,0.08061188422588236,200,0.5176086956521739,0.006717657018823504,200,0.905,0.15450611143294113,200,0.9920833333333333,0.012875509286078439,200,0.07541666666666663,0.012875509286078439,200
Plasma-5,RF,12,0.5225560224089636,0.053684685597563155,200,0.5183018207282913,0.048160209994060295,200,0.5202941176470588,0.053269419575248014,200,0.5163095238095238,0.04306915600095852,200,0.46546221322537107,0.04762412056254512,200,0.5707361308677098,0.047629294630809,200
Plasma-5,RF,24,0.6306459435626103,0.055213664063690805,200,0.6126455026455027,0.04726217757054338,200,0.5698148148148148,0.026366860077072327,200,0.6554761904761905,0.06818051812146175,200,0.8096390013495277,0.037616195662201896,200,0.37206831831831827,0.03862124222169545,200
Plasma-5,RF,36,0.6514461358313817,0.06638443640225387,200,0.6183899297423887,0.06208427225443315,200,0.5510655737704918,0.02322326029346267,200,0.6857142857142857,0.10101525445522105,200,0.8842577597840756,0.03719812345271212,200,0.25956456456456456,0.03822422892664109,200
Plasma-5,RF,54,0.776311553030303,0.05235450827260706,200,0.7309753787878788,0.05618437979084756,200,0.5500757575757576,0.012358487374211002,200,0.911875,0.1000922156472012,200,0.980945945945946,0.021641560139935366,200,0.19722222222222222,0.021702910181542585,200
Plasma-5,RF,75,0.7823429951690822,0.1225855745809277,200,0.6687318840579709,0.1024673406900211,200,0.527463768115942,0.03287235914710572,200,0.81,0.20737383738322468,200,0.9848865095494317,0.016044411437886676,200,0.06915586295825978,0.017277910490383717,200
Plasma-5,SVM,12,0.4716299019607843,0.06149014579931132,200,0.4805147058823529,0.05437076598253701,200,0.47852941176470587,0.06004568401014411,200,0.4825,0.04871188560388662,200,0.4281072874493927,0.05376148015424205,200,0.5333534850640114,0.05377580275291853,200
Plasma-5,SVM,24,0.5677028218694885,0.11235304637484568,200,0.5671296296296297,0.09844400130067256,200,0.5442592592592592,0.05512864072837669,200,0.59,0.1417593618729686,200,0.7734210526315789,0.07834069998242994,200,0.33486486486486483,0.08045801619817136,200
Plasma-5,SVM,36,0.6230005854800936,0.10501393752363493,200,0.5921399297423887,0.08710164420974568,200,0.5410655737704918,0.03251794717163837,200,0.6432142857142857,0.14168534124785306,200,0.8685526315789474,0.052199862564998464,200,0.24337837837837836,0.05361066966134981,200
Plasma-5,SVM,54,0.7680587121212121,0.058471355285335105,200,0.7231912878787878,0.06441635639218357,200,0.5482575757575757,0.013927860841553195,200,0.898125,0.11490485194281395,200,0.977972972972973,0.024844292311959754,200,0.19418918918918915,0.024844292311959795,200
Plasma-5,SVM,75,0.6590096618357488,0.26101485576964556,200,0.5973913043478261,0.17315982838897848,200,0.5081159420289856,0.014429985699081556,200,0.6866666666666668,0.3318896710788755,200,0.9738888888888888,0.02765747258990632,200,0.05722222222222218,0.027657472589906307,200
Plasma-5,kNN,12,0.5176295518207283,0.05745718069157006,200,0.5067331932773109,0.051219711729998584,200,0.6463235294117647,0.09018139116667893,200,0.3671428571428571,0.08507512081977789,200,0.45268790073419796,0.04098252483174977,200,0.5617490978065962,0.07238042442251479,200
Plasma-5,kNN,24,0.5997530864197531,0.06008068011822167,200,0.5786375661375661,0.05504371372615154,200,0.6720370370370371,0.07162790491045674,200,0.4852380952380952,0.10732045051359065,200,0.7713479962076972,0.037412838251215885,200,0.3674974345657235,0.06220444303915888,200
Plasma-5,kNN,36,0.6509250585480093,0.06846157076967226,200,0.6164110070257611,0.06571861744729383,200,0.6763934426229509,0.0621748659027444,200,0.5564285714285714,0.13933011422582528,200,0.8706233812164524,0.03398790228883083,200,0.28326727532892954,0.05457930355580856,200
Plasma-5,kNN,54,0.7359659090909091,0.07596072104518792,200,0.7185227272727271,0.07616443208101199,200,0.6395454545454545,0.0534142812887475,200,0.7975,0.1577957461005752,200,0.9641588720212623,0.026891401583773226,200,0.21230741526003738,0.0374075238491095,200
Plasma-5,kNN,75,0.7212681159420291,0.13147626649205119,200,0.6982246376811594,0.12041411931327878,200,0.8331159420289854,0.05049737367783072,200,0.5633333333333332,0.26395184238362634,200,0.9782217253308931,0.01257254470179324,200,0.1267866029160113,0.05276623604740966,200
Plasma-5 + NfL,AdaBoost,12,0.6295861049519587,0.05045273056218107,200,0.6052439024390244,0.049722992596519716,200,0.625,0.057031602625321344,200,0.5854878048780487,0.04838036042609616,200,0.548413997535318,0.048721087664419745,200,0.6598864992299528,0.049831063568056284,200
Plasma-5 + NfL,AdaBoost,24,0.6703136446886446,0.05532412863448656,200,0.6205563186813187,0.05323375316578605,200,0.5868269230769231,0.04043899462503355,200,0.6542857142857144,0.07847728702853704,200,0.8078861861455651,0.04221785606459581,200,0.3905266421861231,0.046011225973555135,200
Plasma-5 + NfL,AdaBoost,36,0.7489800242130751,0.06284921523487805,200,0.6738589588377724,0.06270609043701118,200,0.5809322033898305,0.02996215174519269,200,0.7667857142857143,0.10189404632884037,200,0.9130732046037222,0.037869439864547286,200,0.3029638368004363,0.04057539377259912,200
Plasma-5 + NfL,AdaBoost,54,0.8476971153846153,0.05327424357936903,200,0.7502692307692308,0.047142559394953085,200,0.5655384615384615,0.014405652404755042,200,0.935,0.08308589730909986,200,0.9860330543093702,0.017872011495579564,200,0.2094899626517273,0.019163322383813818,200
Plasma-5 + NfL,AdaBoost,75,0.8045895522388059,0.13032907205806535,200,0.6889427860696518,0.11207682907814306,200,0.5245522388059701,0.017538929090295766,200,0.8533333333333333,0.21563664456455903,200,0.9876794298636403,0.018111591323920345,200,0.07439652648778186,0.018780691288854557,200
Plasma-5 + NfL,ExTrees,12,0.6638137472283813,0.05355640090427653,200,0.6132150776053215,0.05571709220216033,200,0.6254545454545455,0.06174056162942092,200,0.6009756097560977,0.04969362277489973,200,0.5578378378378378,0.05506590631813214,200,0.6659459459459459,0.05506590631813214,200
Plasma-5 + NfL,ExTrees,24,0.7207440476190476,0.058100519015228426,200,0.6426854395604396,0.05152486529339953,200,0.5889423076923077,0.029644443045517548,200,0.6964285714285714,0.0734052875412815,200,0.8277027027027027,0.041662460496403014,200,0.40625,0.04281975106574755,200
Plasma-5 + NfL,ExTrees,36,0.7547094430992736,0.07134017850384662,200,0.6686198547215497,0.060442784296785235,200,0.5715254237288135,0.023183533702876576,200,0.7657142857142857,0.09770203489069393,200,0.9113513513513515,0.03696833752620856,200,0.2977777777777778,0.03799523579082542,200
Plasma-5 + NfL,ExTrees,54,0.8824615384615384,0.04635295603260553,200,0.7663653846153846,0.030866011545521328,200,0.5652307692307692,0.006765153215456709,200,0.9675,0.05496686987558595,200,0.992972972972973,0.011884728621748285,200,0.21499999999999997,0.012214859972352447,200
Plasma-5 + NfL,ExTrees,75,0.872860696517413,0.08136944019886581,200,0.7524875621890547,0.038045846500204414,200,0.521641791044776,0.0032610725571603724,200,0.9833333333333333,0.07283062044324848,200,0.9985714285714287,0.0062426246094213055,200,0.08428571428571427,0.006242624609421303,200
Plasma-5 + NfL,GBM,12,0.6251884700665188,0.04824590241353795,200,0.5952716186252771,0.0479595489750223,200,0.605909090909091,0.05318485603360293,200,0.5846341463414634,0.04290584897721344,200,0.5400465951781741,0.04738855230678889,200,0.6482754182754182,0.04741703553564023,200
Plasma-5 + NfL,GBM,24,0.6700091575091576,0.057271059754587815,200,0.6291254578754579,0.054011985949094815,200,0.5813461538461538,0.031128913367166174,200,0.6769047619047619,0.0769579525749104,200,0.8166963015647226,0.043668700346932515,200,0.3950277777777778,0.0448952792978246,200
Plasma-5 + NfL,GBM,36,0.7334594430992736,0.06254429266090035,200,0.6692372881355932,0.059882234165332233,200,0.5734745762711865,0.02353072316307508,200,0.765,0.09728917235822226,200,0.9114143817215062,0.036593558492682234,200,0.2985309237331296,0.03771926404976455,200
Plasma-5 + NfL,GBM,54,0.8343557692307693,0.05648933527140595,200,0.7550528846153846,0.04633949879600472,200,0.5632307692307692,0.01043663330767381,200,0.946875,0.08259064990821484,200,0.9885277382645803,0.017823891450379988,200,0.21062301587301582,0.01837463326036913,200
Plasma-5 + NfL,GBM,75,0.7762189054726369,0.15042847938381726,200,0.674639303482587,0.12707403454758837,200,0.6226119402985074,0.10635589170252986,200,0.7266666666666667,0.29277547074548455,200,0.9819757526633448,0.018449090483777374,200,0.07923656412343107,0.030242517351689268,200
Plasma-5 + NfL,LDA,12,0.6950258684405025,0.04991567328420972,200,0.6495861049519586,0.05229851796771767,200,0.6657575757575758,0.057952411802065534,200,0.6334146341463415,0.04664462413336984,200,0.5937837837837838,0.051687286201842264,200,0.7018918918918919,0.05168728620184227,200
Plasma-5 + NfL,LDA,24,0.7059249084249085,0.054602560424147746,200,0.6318223443223443,0.05350923917023439,200,0.5826923076923076,0.030786137604792384,200,0.6809523809523809,0.07623234073567639,200,0.8189189189189189,0.043267004201329874,200,0.3972222222222222,0.044468865429144584,200
Plasma-5 + NfL,LDA,36,0.7331598062953995,0.06250184986281278,200,0.6637590799031478,0.05218916694965374,200,0.5696610169491525,0.02001776266562063,200,0.7578571428571429,0.08436057123368688,200,0.9083783783783784,0.03192021614247616,200,0.2947222222222222,0.03280688881310044,200
Plasma-5 + NfL,LDA,54,0.8657211538461539,0.047822262337623246,200,0.7695240384615384,0.034385267502738334,200,0.565923076923077,0.007536496986901546,200,0.973125,0.0612340380185751,200,0.9941891891891892,0.013239792004016213,200,0.21624999999999997,0.013607564004127813,200
Plasma-5 + NfL,LDA,75,0.8382089552238806,0.10664735100210064,200,0.6993781094527363,0.08353230785801848,200,0.5170895522388059,0.007159912102115843,200,0.8816666666666667,0.15990470361392115,200,0.9898571428571428,0.01370611745262184,200,0.07557142857142855,0.013706117452621827,200
Plasma-5 + NfL,LogReg,12,0.6963340724316335,0.04958299166605581,200,0.6499963045084997,0.05176169016290527,200,0.6662121212121213,0.057357548558895036,200,0.6337804878048781,0.046165831766915494,200,0.5941891891891892,0.05115673249847393,200,0.7022972972972973,0.05115673249847393,200
Plasma-5 + NfL,LogReg,24,0.7088278388278388,0.053363194463711294,200,0.6353319597069597,0.05213793641616453,200,0.5847115384615384,0.02999716889697141,200,0.6859523809523809,0.07427870393535772,200,0.8217567567567567,0.042158183314662506,200,0.4001388888888889,0.04332924396229201,200
Plasma-5 + NfL,LogReg,36,0.734727602905569,0.06394257476200535,200,0.6686198547215497,0.0497579084750996,200,0.5715254237288135,0.01908522516853134,200,0.7657142857142857,0.08043059178166785,200,0.9113513513513515,0.03043319689036084,200,0.2977777777777778,0.03127856347064861,200
Plasma-5 + NfL,LogReg,54,0.8735192307692309,0.04392264653923347,200,0.7730336538461539,0.02705069728978165,200,0.5666923076923076,0.005928919953924721,200,0.979375,0.04817247462563853,200,0.9955405405405405,0.010415670189327217,200,0.21763888888888885,0.010704994361253026,200
Plasma-5 + NfL,LogReg,75,0.8591044776119403,0.09400784365259096,200,0.7098258706467662,0.08150115993608319,200,0.5179850746268656,0.006985813708807087,200,0.9016666666666667,0.15601650616335938,200,0.9915714285714285,0.013372843385430787,200,0.07728571428571426,0.013372843385430818,200
Plasma-5 + NfL,RF,12,0.6570934959349592,0.05263885229252986,200,0.6195048041389505,0.05282757921618331,200,0.6324242424242424,0.05853866886117607,200,0.6065853658536585,0.04711648957119051,200,0.5640540540540541,0.052210164119427346,200,0.6721621621621621,0.05221016411942735,200
Plasma-5 + NfL,RF,24,0.705952380952381,0.056637219568828175,200,0.6450251831501832,0.052256249764020414,200,0.5902884615384615,0.03006523959025833,200,0.6997619047619048,0.07444725993778252,200,0.8295945945945946,0.042253850234957625,200,0.4081944444444444,0.04342756829703982,200
Plasma-5 + NfL,RF,36,0.7488317191283294,0.06400609089471793,200,0.679888014527845,0.0574937545003613,200,0.5758474576271186,0.022052398986439986,200,0.7839285714285714,0.0929351100142827,200,0.9182432432432432,0.035164636221620506,200,0.3048611111111111,0.03614143167222107,200
Plasma-5 + NfL,RF,54,0.8461923076923077,0.04969352416710623,200,0.7632067307692307,0.04115050408155453,200,0.5645384615384615,0.009019288565820138,200,0.961875,0.07328171959728891,200,0.9917567567567568,0.01584469612914352,200,0.21374999999999997,0.01628482657717533,200
Plasma-5 + NfL,RF,75,0.8032338308457712,0.11553072582256353,200,0.7028109452736317,0.10062737917817569,200,0.523955223880597,0.02107568770118759,200,0.8816666666666667,0.20021624267342153,200,0.9902106097139937,0.01632412291555512,200,0.07638110423831172,0.01682366205227922,200
Plasma-5 + NfL,SVM,12,0.6805728011825574,0.05014448804685034,200,0.6399538063562453,0.04933431774503135,200,0.6551515151515152,0.05456068007388658,200,0.6247560975609756,0.044126398294930036,200,0.5842567567567568,0.04877030490118713,200,0.6923798798798799,0.04874468978889833,200
Plasma-5 + NfL,SVM,24,0.7281593406593407,0.054585477680721785,200,0.6527129120879122,0.04678497284784626,200,0.5947115384615385,0.02691738163848691,200,0.7107142857142857,0.06665256405720563,200,0.8358108108108108,0.03782983365408968,200,0.41458333333333336,0.0388806623667033,200
Plasma-5 + NfL,SVM,36,0.7624424939467311,0.06311000920888066,200,0.6911561743341404,0.056159434669905056,200,0.5801694915254237,0.02154060507886772,200,0.802142857142857,0.09077826426094256,200,0.9251351351351351,0.03434853242305936,200,0.3119444444444444,0.03530265832369987,200
Plasma-5 + NfL,SVM,54,0.8346346153846155,0.08026467980932646,200,0.7200384615384615,0.07257167463086793,200,0.5550769230769231,0.01590612046703954,200,0.885,0.12923722879469624,200,0.9751351351351352,0.027943184604258625,200,0.19666666666666666,0.028719384176599163,200
Plasma-5 + NfL,SVM,75,0.8309452736318409,0.15986275860595836,200,0.6671641791044776,0.1142576211114158,200,0.5143283582089552,0.009793510380978485,200,0.82,0.2187217318418531,200,0.9845714285714285,0.018747577015016,200,0.07028571428571426,0.018747577015016,200
Plasma-5 + NfL,kNN,12,0.6308314855875832,0.05210845059200442,200,0.5969013303769402,0.04782624753603786,200,0.7263636363636364,0.08274659508805439,200,0.4674390243902439,0.06953750966280989,200,0.5236680601521025,0.039799086560338225,200,0.683892225357091,0.0667739799054114,200
Plasma-5 + NfL,kNN,24,0.7072000915750916,0.05435810835656428,200,0.6636309523809524,0.051152551720574355,200,0.7125,0.06410820101488059,200,0.6147619047619047,0.09644958101872826,200,0.8219605820889805,0.0369098365549026,200,0.46741405077552217,0.06207535485192089,200
Plasma-5 + NfL,kNN,36,0.770747578692494,0.06254579408753465,200,0.7254782082324455,0.06267096440474974,200,0.6938135593220339,0.0602924149621017,200,0.7571428571428571,0.12628175778998388,200,0.9248515592421398,0.03502768903373229,200,0.37287043588957114,0.05564991586796877,200
Plasma-5 + NfL,kNN,54,0.8545384615384616,0.05298332671806003,200,0.8115384615384617,0.04600805636659583,200,0.698076923076923,0.05669869796395054,200,0.925,0.08499187073157205,200,0.9873143704547739,0.014144992589012273,200,0.2784761641247801,0.04182938260457148,200
Plasma-5 + NfL,kNN,75,0.7996517412935323,0.1284173344131625,200,0.7583830845771143,0.11277162411101843,200,0.8384328358208956,0.05545211400885061,200,0.6783333333333332,0.25091123711628144,200,0.9836691273102304,0.01235612657873555,200,0.16159014784141984,0.05527723668536624,200
Plasma-5+NfL+slope,AdaBoost,12,0.681359940872136,0.046053541006088924,200,0.6377753141167775,0.04812961402941712,200,0.6546969696969697,0.054419893381884264,200,0.6208536585365854,0.043245033670267656,200,0.5815544105017789,0.04734017774972901,200,0.6908678678678679,0.048009733552413975,200
Plasma-5+NfL+slope,AdaBoost,24,0.684132326007326,0.0553989160270921,200,0.625157967032967,0.05063631917268371,200,0.583173076923077,0.03260023073320716,200,0.667142857142857,0.07208203917551005,200,0.8126558529190108,0.04027033085226311,200,0.3927942051496164,0.04336740168893882,200
Plasma-5+NfL+slope,AdaBoost,36,0.7954812348668281,0.053946848126591396,200,0.7129418886198547,0.046686021916302625,200,0.5901694915254238,0.019724997150356725,200,0.8357142857142857,0.07476075401909371,200,0.938006022723128,0.028261438295847475,200,0.326166263475087,0.029817658922538598,200
Plasma-5+NfL+slope,AdaBoost,54,0.8966394230769231,0.0449087545604804,200,0.771076923076923,0.034195603519320265,200,0.5671538461538461,0.008114065939465552,200,0.975,0.06139091318025433,200,0.9946194879089616,0.013161314279673606,200,0.21705532212885154,0.013597895648923298,200
Plasma-5+NfL+slope,AdaBoost,75,0.872686567164179,0.0820275045114107,200,0.7524626865671641,0.04617983941256776,200,0.5299253731343283,0.017449344598466917,200,0.975,0.08801743393622034,200,0.9979058591558592,0.007378370481353271,200,0.0850652488773849,0.008148046907857956,200
Plasma-5+NfL+slope,ExTrees,12,0.7380413895048042,0.04850948129087691,200,0.6793939393939393,0.04777183003428147,200,0.6987878787878787,0.05293635220014974,200,0.66,0.042607307868413206,200,0.6232432432432432,0.047213503313647084,200,0.7313513513513513,0.047213503313647084,200
Plasma-5+NfL+slope,ExTrees,24,0.7336355311355311,0.054271314725153105,200,0.6430196886446886,0.05050581036067856,200,0.5891346153846154,0.029058137467787678,200,0.6969047619047619,0.07195348325356943,200,0.827972972972973,0.04083846346824212,200,0.40652777777777777,0.04197286523124884,200
Plasma-5+NfL+slope,ExTrees,36,0.7947820823244552,0.07211239287210193,200,0.6812136803874093,0.060335137556452895,200,0.5763559322033899,0.02314224454220116,200,0.7860714285714286,0.09752803057070467,200,0.919054054054054,0.036902498053780174,200,0.3056944444444445,0.03792756744416292,200
Plasma-5+NfL+slope,ExTrees,54,0.9387884615384615,0.0340945167275763,200,0.7677692307692309,0.030053177572495027,200,0.5655384615384615,0.006586997824108486,200,0.97,0.05351935732088159,200,0.9935135135135136,0.011571752934244634,200,0.21555555555555553,0.011893190515751483,200
Plasma-5+NfL+slope,ExTrees,75,0.9238557213930347,0.06243920289682808,200,0.7594527363184079,0.017369129127385113,200,0.5222388059701492,0.0014887824966330094,200,0.9966666666666667,0.03324947575813722,200,0.9997142857142858,0.0028499550649831954,200,0.08542857142857141,0.002849955064983194,200
Plasma-5+NfL+slope,GBM,12,0.6700073909830008,0.04744183912480483,200,0.6231966001478196,0.051325696246778095,200,0.6365151515151515,0.05687442016534869,200,0.6098780487804878,0.045776972328207474,200,0.5677027027027027,0.05072583420152723,200,0.6758108108108108,0.05072583420152723,200
Plasma-5+NfL+slope,GBM,24,0.6864903846153847,0.053079302520728476,200,0.6282898351648352,0.049626341307959364,200,0.5808653846153846,0.028288154118036497,200,0.6757142857142857,0.07103103862493053,200,0.816045519203414,0.040123335300625285,200,0.3943055555555556,0.041247933937628566,200
Plasma-5+NfL+slope,GBM,36,0.7872548426150121,0.05986899340083056,200,0.7029842615012106,0.056923118692310475,200,0.5852542372881355,0.0216208759181519,200,0.8207142857142857,0.09253492052607766,200,0.9322707626654996,0.0348651326912245,200,0.31949253034547154,0.035736659949816486,200
Plasma-5+NfL+slope,GBM,54,0.8867740384615385,0.0616744711157136,200,0.7662740384615384,0.04339590159090777,200,0.566923076923077,0.010432073834626273,200,0.965625,0.07819563389860085,200,0.9926260577378998,0.016713522132784372,200,0.2153182667006196,0.017232085094201603,200
Plasma-5+NfL+slope,GBM,75,0.8545771144278607,0.12413081744015722,200,0.7760945273631841,0.0816251550979113,200,0.6305223880597015,0.092823782434617,200,0.9216666666666667,0.18896851870314232,200,0.9953316886739135,0.010855628263221737,200,0.10320069690056276,0.028895002182502464,200
Plasma-5+NfL+slope,LDA,12,0.7522135994087213,0.04460457063954474,200,0.6956651884700665,0.046573477804017493,200,0.7168181818181819,0.05160844837742477,200,0.6745121951219513,0.04153850723061018,200,0.6393243243243244,0.04602915666094643,200,0.7474324324324324,0.04602915666094643,200
Plasma-5+NfL+slope,LDA,24,0.7368772893772894,0.0508005591451932,200,0.6463621794871796,0.04884444279316085,200,0.5910576923076923,0.028102282154969294,200,0.7016666666666667,0.0695866034313525,200,0.8306756756756757,0.0394950992448217,200,0.4093055555555556,0.04059218533495562,200
Plasma-5+NfL+slope,LDA,36,0.7888438256658595,0.060094570543323206,200,0.6885048426150121,0.05336419319949659,200,0.5791525423728814,0.020468457665560363,200,0.7978571428571429,0.08625992873343286,200,0.9235135135135135,0.03263889195319084,200,0.31027777777777776,0.03354552784077943,200
Plasma-5+NfL+slope,LDA,54,0.9223942307692308,0.03477334652556064,200,0.7818076923076923,0.013789343575872515,200,0.5686153846153846,0.0030223218796432715,200,0.995,0.024556365272101758,200,0.9989189189189189,0.005309484383157106,200,0.22111111111111112,0.005456970060467059,200
Plasma-5+NfL+slope,LDA,75,0.895223880597015,0.08226174715821992,200,0.7368159203980099,0.0605722477506552,200,0.5202985074626865,0.005191906950056154,200,0.9533333333333333,0.11595258855125425,200,0.996,0.009938793304393213,200,0.08171428571428568,0.009938793304393238,200
Plasma-5+NfL+slope,LogReg,12,0.7551958610495195,0.0440003922364189,200,0.6968957871396896,0.04732607843217376,200,0.7181818181818181,0.052442411235651985,200,0.675609756097561,0.04220974562869549,200,0.6405405405405404,0.046772961372338266,200,0.7486486486486487,0.046772961372338266,200
Plasma-5+NfL+slope,LogReg,24,0.7401190476190476,0.050116019465515645,200,0.6565567765567765,0.04580296738104063,200,0.5969230769230769,0.026352392191831643,200,0.7161904761904762,0.06525354257024969,200,0.8389189189189189,0.03703579443176334,200,0.4177777777777778,0.038064566499312294,200
Plasma-5+NfL+slope,LogReg,36,0.801858353510896,0.05672243806372694,200,0.6944703389830508,0.051126882671124765,200,0.5814406779661017,0.01961031116152731,200,0.8075,0.08264345418072222,200,0.9271621621621623,0.03127049617648951,200,0.3140277777777778,0.032139121070280864,200
Plasma-5+NfL+slope,LogReg,54,0.9391826923076922,0.02630329008020559,200,0.7835625,0.00855345796094824,200,0.569,0.0018747305119886511,200,0.998125,0.015232185409907832,200,0.9995945945945945,0.003293445494034122,200,0.22180555555555553,0.003384930091090633,200
Plasma-5+NfL+slope,LogReg,75,0.9218159203980101,0.06120017298866711,200,0.7611940298507462,0.0,200,0.5223880597014925,0.0,200,1.0,0.0,200,1.0,0.0,200,0.08571428571428569,0.0,200
Plasma-5+NfL+slope,RF,12,0.7180229120473023,0.047176773781643845,200,0.6688654841093866,0.04994828101881302,200,0.6871212121212121,0.05534809518300904,200,0.650609756097561,0.04454846685461702,200,0.6128378378378379,0.04936451732538642,200,0.720945945945946,0.04936451732538642,200
Plasma-5+NfL+slope,RF,24,0.7222161172161172,0.05314872432993773,200,0.6428525641025641,0.04730676279758306,200,0.5890384615384615,0.027217589554773824,200,0.6966666666666668,0.0673959360403923,200,0.8278378378378379,0.03825174748238485,200,0.40638888888888886,0.03931429602356217,200
Plasma-5+NfL+slope,RF,36,0.7991858353510897,0.06473222595444322,200,0.698226392251816,0.05704012158014676,200,0.5828813559322034,0.02187840279786452,200,0.8135714285714286,0.0922018403624291,200,0.9294594594594595,0.034887182839838,200,0.3163888888888889,0.035856271252055726,200
Plasma-5+NfL+slope,RF,54,0.9194423076923077,0.03431980381673539,200,0.779,0.020346097398357802,200,0.568,0.004459418607859233,200,0.99,0.036232776188856404,200,0.9978378378378379,0.007834113770563533,200,0.22,0.008051728041968092,200
Plasma-5+NfL+slope,RF,75,0.8943532338308458,0.06669839032246701,200,0.7615298507462687,0.022961531542958324,200,0.5280597014925372,0.01587470630145655,200,0.995,0.04061916109308757,200,0.9995714285714286,0.0034816423794074938,200,0.08635518745705717,0.004710744665113279,200
Plasma-5+NfL+slope,SVM,12,0.7394826311899483,0.04615554167388319,200,0.6843458980044346,0.046046942174597205,200,0.7045454545454546,0.05117318579058389,200,0.6641463414634147,0.04103984716067384,200,0.6280346135609294,0.0454655345331662,200,0.7363573573573574,0.04558059869869326,200
Plasma-5+NfL+slope,SVM,24,0.7241117216117217,0.058297530813088916,200,0.6540499084249085,0.05162718690042986,200,0.5954807692307692,0.029703313011206232,200,0.7126190476190476,0.07355106078965352,200,0.836891891891892,0.04174519666439796,200,0.4156944444444444,0.04290478546063123,200
Plasma-5+NfL+slope,SVM,36,0.8104479418886199,0.05620068055451784,200,0.7103783292978209,0.053210897106463775,200,0.5875423728813559,0.0204096591641231,200,0.8332142857142857,0.08601213504880448,200,0.9368918918918919,0.03254513218062873,200,0.3240277777777778,0.033449163630090636,200
Plasma-5+NfL+slope,SVM,54,0.8876923076923078,0.06188537700466089,200,0.7502211538461538,0.04925288791357622,200,0.5616923076923076,0.010795153515304372,200,0.93875,0.08771062231184802,200,0.9867567567567568,0.018964458878237365,200,0.20861111111111108,0.019491249402632922,200
Plasma-5+NfL+slope,SVM,75,0.8668656716417911,0.14180890813257355,200,0.7046019900497512,0.09709638359701178,200,0.5175373134328357,0.00832254716545814,200,0.8916666666666667,0.18587022002856549,200,0.9907142857142857,0.01593173314530561,200,0.0764285714285714,0.015931733145305625,200
Plasma-5+NfL+slope,kNN,12,0.6920842572062084,0.04928192784380701,200,0.6442110125646711,0.046387652291910574,200,0.7487878787878788,0.07994892491248984,200,0.5396341463414633,0.08610026741094609,200,0.5690441322817206,0.04331230402684435,200,0.7317107149952051,0.06116738582369838,200
Plasma-5+NfL+slope,kNN,24,0.7100732600732601,0.05498047710516431,200,0.6743521062271063,0.053162917359696506,200,0.7289423076923077,0.07799307756511258,200,0.6197619047619047,0.09051176238040073,200,0.8264746066894361,0.03497065243751075,200,0.4881277740676348,0.07334809332409237,200
Plasma-5+NfL+slope,kNN,36,0.813728813559322,0.05575207057788577,200,0.7594763922518161,0.05368839373136713,200,0.7278813559322033,0.0622275662140595,200,0.7910714285714286,0.10350673772457593,200,0.9372400391334215,0.028939361586288192,200,0.4141299137423664,0.05968508684252674,200
Plasma-5+NfL+slope,kNN,54,0.9034423076923077,0.04341842380185904,200,0.8565961538461537,0.03875840207463134,200,0.7606923076923077,0.05046711717397228,200,0.9525,0.0692747787789638,200,0.9925964623952246,0.010730221696086355,200,0.3351331912130401,0.050114587261008196,200
Plasma-5+NfL+slope,kNN,75,0.8323383084577115,0.12409077037129111,200,0.7918656716417911,0.10975916447752744,200,0.858731343283582,0.04984839510652971,200,0.725,0.23966638826941994,200,0.9862964958627194,0.011591684133346714,200,0.19231834679338547,0.06037754970541063,200
