panel,model,horizon_months,auroc,ci_low,ci_high,sensitivity,specificity
A_timedep_auroc,NfL,6,0.6344140153040677,0.5449740412137952,0.72860914649518,,
A_timedep_auroc,NfL,9,0.6433566433566433,0.5699843312065681,0.7210051880793407,,
A_timedep_auroc,NfL,12,0.7048859263331501,0.6396639054391997,0.7704969453256668,,
A_timedep_auroc,NfL,15,0.6893104855161158,0.61874659632403,0.7574169350947664,,
A_timedep_auroc,NfL,18,0.6680572938395215,0.6009685717721432,0.7416897827891533,,
A_timedep_auroc,NfL,21,0.6741964153458747,0.6056042921686746,0.7471941314948373,,
A_timedep_auroc,NfL,24,0.6710963455149502,0.6064449464524766,0.7460556408219932,,
A_timedep_auroc,NfL,27,0.6667124542124543,0.5855231187909533,0.7431913050874593,,
A_timedep_auroc,NfL,30,0.7027629233511586,0.6246775893036036,0.7763885145463908,,
A_timedep_auroc,NfL,33,0.7272002551020409,0.6555683861287153,0.7903766520827636,,
A_timedep_auroc,NfL,36,0.7043650793650793,0.6313181762882778,0.7754779296637648,,
A_timedep_auroc,NfL,39,0.7149987036556908,0.6353356737740292,0.7856047341064206,,
A_timedep_auroc,NfL,42,0.7150900900900901,0.6351592983556298,0.7863117720066206,,
A_timedep_auroc,NfL,45,0.7032645293514858,0.6167569065395152,0.7790778894449025,,
A_timedep_auroc,NfL,48,0.7104867788461539,0.6238105732204704,0.7866689895470383,,
A_timedep_auroc,NfL,51,0.7000000000000001,0.6121065567862002,0.7772713924070286,,
A_timedep_auroc,NfL,54,0.7036304816678649,0.5936966282320056,0.7893977774146103,,
A_timedep_auroc,NfL,57,0.7106976744186047,0.593710474451497,0.7910793835793836,,
A_timedep_auroc,NfL,60,0.7204968944099378,0.6062228063309525,0.8165974273404614,,
A_timedep_auroc,NfL,63,0.6737373737373737,0.5705962246394445,0.783080926711912,,
A_timedep_auroc,NfL,66,0.7046757164404223,0.5770154185022027,0.8111814416133425,,
A_timedep_auroc,NfL,69,0.6920849420849421,0.5575580009534403,0.7993662110558856,,
A_timedep_auroc,NfL,72,0.6671265953777165,0.5347585787155114,0.773417792976703,,
A_timedep_auroc,NfL,75,0.6826108619830593,0.5436952201386058,0.7942584675791714,,
A_timedep_auroc,NfL,78,0.6826108619830593,0.5436952201386058,0.7942584675791714,,
A_timedep_auroc,NfL,81,0.7034438775510204,0.5333176078650639,0.8485197911206881,,
A_timedep_auroc,NfL,84,0.6659259259259259,0.5140177283536703,0.8177851205137227,,
A_timedep_auroc,NfL,87,0.6479999999999999,0.4879062528094939,0.824774130402048,,
A_timedep_auroc,NfL,90,0.581858407079646,0.3881217577052182,0.7280666931321953,,
A_timedep_auroc,NfL,93,0.581858407079646,0.3881217577052182,0.7280666931321953,,
A_timedep_auroc,NfL,96,0.5457227138643068,0.31596916299559474,0.7353530655805119,,
A_timedep_auroc,NfL,99,0.5457227138643068,0.31596916299559474,0.7353530655805119,,
A_timedep_auroc,ALSFRS slope,6,0.7137266132111493,0.6316572138550876,0.7793153966131908,,
A_timedep_auroc,ALSFRS slope,9,0.734752716788645,0.6618578118385465,0.8017487570730474,,
A_timedep_auroc,ALSFRS slope,12,0.734464391398698,0.6705999396595528,0.7983734058153708,,
A_timedep_auroc,ALSFRS slope,15,0.7273945733899967,0.6594906683603673,0.7920723556585784,,
A_timedep_auroc,ALSFRS slope,18,0.7023233951114691,0.6297532112159934,0.7700402270081863,,
A_timedep_auroc,ALSFRS slope,21,0.6817039908125179,0.6140492027444149,0.7483171574085381,,
A_timedep_auroc,ALSFRS slope,24,0.7004842615012107,0.6265262515922727,0.7746762294403866,,
A_timedep_auroc,ALSFRS slope,27,0.7043226381461676,0.6358641245801383,0.7713046431590389,,
A_timedep_auroc,ALSFRS slope,30,0.7327353395061729,0.6594319596028004,0.7994905845369263,,
A_timedep_auroc,ALSFRS slope,33,0.7653579198176732,0.6913569139885037,0.8287125360552763,,
A_timedep_auroc,ALSFRS slope,36,0.7671088999447209,0.6999549496630089,0.8258424176356589,,
A_timedep_auroc,ALSFRS slope,39,0.8049721659919028,0.7374073045903844,0.8645473961429232,,
A_timedep_auroc,ALSFRS slope,42,0.8115867063235485,0.7430247858176404,0.8697759940040176,,
A_timedep_auroc,ALSFRS slope,45,0.8215408805031446,0.753138375698812,0.8841940686394566,,
A_timedep_auroc,ALSFRS slope,48,0.8320129107981221,0.7599533498276811,0.8903051655590617,,
A_timedep_auroc,ALSFRS slope,51,0.8627906976744186,0.79050460961532,0.9131838872592297,,
A_timedep_auroc,ALSFRS slope,54,0.8743414120126449,0.8111796344488005,0.9288292812902189,,
A_timedep_auroc,ALSFRS slope,57,0.8743636363636365,0.8102050235285854,0.9311841976993568,,
A_timedep_auroc,ALSFRS slope,60,0.8818057187622406,0.8136519479502328,0.9397285037878788,,
A_timedep_auroc,ALSFRS slope,63,0.8860493827160494,0.8187307082847012,0.9378643162393162,,
A_timedep_auroc,ALSFRS slope,66,0.9051622418879055,0.8506504167316795,0.9409926767940305,,
A_timedep_auroc,ALSFRS slope,69,0.9005663939584644,0.8431352311389158,0.9409926767940305,,
A_timedep_auroc,ALSFRS slope,72,0.9011470985155196,0.8363386760731895,0.9434903381642511,,
A_timedep_auroc,ALSFRS slope,75,0.8762183235867447,0.8055102204825656,0.9314607047090048,,
A_timedep_auroc,ALSFRS slope,78,0.8762183235867447,0.8055102204825656,0.9314607047090048,,
A_timedep_auroc,ALSFRS slope,81,0.8599500935745478,0.7830285615171139,0.9264305139305139,,
A_timedep_auroc,ALSFRS slope,84,0.8442028985507246,0.7588530925440797,0.915263176714582,,
A_timedep_auroc,ALSFRS slope,87,0.8573913043478261,0.7571645021645022,0.9267799208114836,,
A_timedep_auroc,ALSFRS slope,90,0.8392857142857142,0.7285869565217392,0.9206813660477453,,
A_timedep_auroc,ALSFRS slope,93,0.8392857142857142,0.7285869565217392,0.9206813660477453,,
A_timedep_auroc,ALSFRS slope,96,0.8138528138528138,0.6688034188034188,0.9101616379310344,,
A_timedep_auroc,ALSFRS slope,99,0.8138528138528138,0.6688034188034188,0.9101616379310344,,
A_timedep_auroc,NfL + slope,6,0.7053966975432945,0.6134909998815773,0.7796582097464749,,
A_timedep_auroc,NfL + slope,9,0.7404817404817404,0.6730151446505585,0.8049886513725895,,
A_timedep_auroc,NfL + slope,12,0.7657366684991753,0.7018501498420102,0.820664177670892,,
A_timedep_auroc,NfL + slope,15,0.7444580443356453,0.6854755601056552,0.8085280173399507,,
A_timedep_auroc,NfL + slope,18,0.7122792379363094,0.6326722517307374,0.7853055886549526,,
A_timedep_auroc,NfL + slope,21,0.6992297437416678,0.6241348193164206,0.7651477435309576,,
A_timedep_auroc,NfL + slope,24,0.7140365448504983,0.6467355026788528,0.7840131826274055,,
A_timedep_auroc,NfL + slope,27,0.7168498168498169,0.6438210227272727,0.7947296734728779,,
A_timedep_auroc,NfL + slope,30,0.7485640720934839,0.6776677466253991,0.8143020239836772,,
A_timedep_auroc,NfL + slope,33,0.7904974489795918,0.7237350441331991,0.8508510302671793,,
A_timedep_auroc,NfL + slope,36,0.7827664399092971,0.7230943126022913,0.8480673957253047,,
A_timedep_auroc,NfL + slope,39,0.8065854290899662,0.7488400144733374,0.8631798018341423,,
A_timedep_auroc,NfL + slope,42,0.811075781664017,0.7490167662619419,0.8691209349593496,,
A_timedep_auroc,NfL + slope,45,0.8096911140389401,0.7478664537343689,0.8679212449526928,,
A_timedep_auroc,NfL + slope,48,0.8197115384615383,0.7552289643510133,0.8743987151951395,,
A_timedep_auroc,NfL + slope,51,0.8380952380952381,0.770083041958042,0.8863944724511494,,
A_timedep_auroc,NfL + slope,54,0.8456146657081237,0.7759095218156614,0.9008853356827639,,
A_timedep_auroc,NfL + slope,57,0.8478139534883721,0.7821302045395804,0.9030456681346395,,
A_timedep_auroc,NfL + slope,60,0.8575435784411941,0.8030538368537089,0.9137901318438003,,
A_timedep_auroc,NfL + slope,63,0.8467171717171716,0.7848522727272728,0.9065374212306552,,
A_timedep_auroc,NfL + slope,66,0.8705882352941177,0.8197920530824944,0.9233421769812479,,
A_timedep_auroc,NfL + slope,69,0.8626126126126127,0.8112556626656442,0.9197092181467182,,
A_timedep_auroc,NfL + slope,72,0.8502932045532942,0.7896916526308637,0.9020240447957839,,
A_timedep_auroc,NfL + slope,75,0.8420528151469855,0.7816172534642266,0.9045730377706381,,
A_timedep_auroc,NfL + slope,78,0.8420528151469855,0.7816172534642266,0.9045730377706381,,
A_timedep_auroc,NfL + slope,81,0.84375,0.767671130952381,0.92021644963349,,
A_timedep_auroc,NfL + slope,84,0.8214814814814815,0.7523770190895742,0.9039367104647535,,
A_timedep_auroc,NfL + slope,87,0.8222222222222223,0.7483207371781918,0.9116043850321535,,
A_timedep_auroc,NfL + slope,90,0.7865044247787611,0.7173608778412272,0.8569314859737512,,
A_timedep_auroc,NfL + slope,93,0.7865044247787611,0.7173608778412272,0.8569314859737512,,
A_timedep_auroc,NfL + slope,96,0.7625368731563422,0.6982680987096019,0.8288923538923539,,
A_timedep_auroc,NfL + slope,99,0.7625368731563422,0.6982680987096019,0.8288923538923539,,
A_timedep_auroc,Plasma-5,6,0.4895952653684612,0.4077081392484115,0.5746862096237098,,
A_timedep_auroc,Plasma-5,9,0.5225844607082132,0.4556011912911386,0.5964156044484046,,
A_timedep_auroc,Plasma-5,12,0.5711843230091406,0.5127522753404973,0.6405773672059875,,
A_timedep_auroc,Plasma-5,15,0.6205949656750571,0.5655320583781119,0.6963767780938834,,
A_timedep_auroc,Plasma-5,18,0.6604217029277464,0.5939710864793558,0.7222293580659518,,
A_timedep_auroc,Plasma-5,21,0.6640826873385012,0.5914211009822627,0.7254751374522246,,
A_timedep_auroc,Plasma-5,24,0.6918482647296207,0.6254080731160838,0.7611925639880598,,
A_timedep_auroc,Plasma-5,27,0.6960784313725491,0.6213237000796451,0.7703417705427961,,
A_timedep_auroc,Plasma-5,30,0.7199074074074074,0.6459396020691672,0.798878581442986,,
A_timedep_auroc,Plasma-5,33,0.7048585931834663,0.6295813611705462,0.7872398176984654,,
A_timedep_auroc,Plasma-5,36,0.7083471531232726,0.6293310814095348,0.7934115062778856,,
A_timedep_auroc,Plasma-5,39,0.7129301619433198,0.6049160364883572,0.8008046470471832,,
A_timedep_auroc,Plasma-5,42,0.7271434113539377,0.641256368181303,0.8122863249300474,,
A_timedep_auroc,Plasma-5,45,0.7534305317324186,0.6487962039163199,0.8408220754912872,,
A_timedep_auroc,Plasma-5,48,0.7739143192488263,0.677671934206136,0.8628322259136213,,
A_timedep_auroc,Plasma-5,51,0.8130232558139535,0.7426229175614437,0.8665635807990459,,
A_timedep_auroc,Plasma-5,54,0.8401826484018264,0.7800548377398242,0.8946835125658655,,
A_timedep_auroc,Plasma-5,57,0.8332727272727273,0.7682438779476548,0.8879568841839841,,
A_timedep_auroc,Plasma-5,60,0.8198198198198199,0.7516168080502357,0.8770578623509507,,
A_timedep_auroc,Plasma-5,63,0.8251851851851851,0.7556972705493179,0.8836585950169541,,
A_timedep_auroc,Plasma-5,66,0.8218289085545722,0.7496226213199144,0.8914230605917208,,
A_timedep_auroc,Plasma-5,69,0.8089993706733796,0.7322184514831573,0.8846072992609529,,
A_timedep_auroc,Plasma-5,72,0.814102564102564,0.7329033858819779,0.8900370662667461,,
A_timedep_auroc,Plasma-5,75,0.8606237816764133,0.7582105349943333,0.9382207501399514,,
A_timedep_auroc,Plasma-5,78,0.8606237816764133,0.7582105349943333,0.9382207501399514,,
A_timedep_auroc,Plasma-5,81,0.8752339363693077,0.7745375582298136,0.9591825020533116,,
A_timedep_auroc,Plasma-5,84,0.8731884057971016,0.7638846856926256,0.9774533316048744,,
A_timedep_auroc,Plasma-5,87,0.8878260869565218,0.7551103163249085,0.9831232492997198,,
A_timedep_auroc,Plasma-5,90,0.8571428571428572,0.7130885254797495,0.949216635806865,,
A_timedep_auroc,Plasma-5,93,0.8571428571428572,0.7130885254797495,0.949216635806865,,
A_timedep_auroc,Plasma-5,96,0.8383838383838383,0.6505961879432625,0.9742736876857049,,
A_timedep_auroc,Plasma-5,99,0.8383838383838383,0.6505961879432625,0.9742736876857049,,
A_timedep_auroc,Plasma-5 + NfL,6,0.6021949254933548,0.527264829003064,0.6820289902308441,,
A_timedep_auroc,Plasma-5 + NfL,9,0.6285159285159285,0.5650322837847346,0.6923246553947296,,
A_timedep_auroc,Plasma-5 + NfL,12,0.7016217702034084,0.6384288808699892,0.7583701678947063,,
A_timedep_auroc,Plasma-5 + NfL,15,0.7188222494220047,0.6561330508474575,0.7835515125982753,,
A_timedep_auroc,Plasma-5 + NfL,18,0.7276456681963566,0.6582453416149069,0.7895038670343952,,
A_timedep_auroc,Plasma-5 + NfL,21,0.7274477855132574,0.658703953279425,0.7902753749997554,,
A_timedep_auroc,Plasma-5 + NfL,24,0.7370431893687708,0.6694134875182111,0.8023984658359659,,
A_timedep_auroc,Plasma-5 + NfL,27,0.7319597069597069,0.6622957102367807,0.8040497937544833,,
A_timedep_auroc,Plasma-5 + NfL,30,0.7756981580510992,0.7049992780839067,0.8515794378715887,,
A_timedep_auroc,Plasma-5 + NfL,33,0.7861394557823129,0.7148125020113926,0.8555708309888707,,
A_timedep_auroc,Plasma-5 + NfL,36,0.773015873015873,0.70315589569161,0.8489148282134427,,
A_timedep_auroc,Plasma-5 + NfL,39,0.7831215970961888,0.7086031798148168,0.8561423559138162,,
A_timedep_auroc,Plasma-5 + NfL,42,0.7945151033386327,0.7265011190985704,0.8655900585957358,,
A_timedep_auroc,Plasma-5 + NfL,45,0.803835456009369,0.7328452862387116,0.8778923189810134,,
A_timedep_auroc,Plasma-5 + NfL,48,0.8245192307692308,0.7627384836456633,0.8922751200713899,,
A_timedep_auroc,Plasma-5 + NfL,51,0.8485714285714286,0.7922539891052721,0.9150342131194482,,
A_timedep_auroc,Plasma-5 + NfL,54,0.8795830337886412,0.8224907407407408,0.9285902181003431,,
A_timedep_auroc,Plasma-5 + NfL,57,0.8785116279069768,0.818490463389657,0.9285902181003431,,
A_timedep_auroc,Plasma-5 + NfL,60,0.8751753155680224,0.8148215836778515,0.9267212525025026,,
A_timedep_auroc,Plasma-5 + NfL,63,0.847979797979798,0.7723156146179402,0.9074261886921756,,
A_timedep_auroc,Plasma-5 + NfL,66,0.860633484162896,0.775256445873186,0.927248450750163,,
A_timedep_auroc,Plasma-5 + NfL,69,0.8497425997425998,0.7733093093093094,0.9194160188432595,,
A_timedep_auroc,Plasma-5 + NfL,72,0.8354605036219386,0.7493312621886052,0.9001363636363637,,
A_timedep_auroc,Plasma-5 + NfL,75,0.8520179372197308,0.7599647063896272,0.9320618541216054,,
A_timedep_auroc,Plasma-5 + NfL,78,0.8520179372197308,0.7599647063896272,0.9320618541216054,,
A_timedep_auroc,Plasma-5 + NfL,81,0.8603316326530612,0.7513732781552888,0.9506468253968254,,
A_timedep_auroc,Plasma-5 + NfL,84,0.8385185185185184,0.737355649120355,0.9306844439657704,,
A_timedep_auroc,Plasma-5 + NfL,87,0.8382222222222222,0.7222923363892526,0.9541207164532602,,
A_timedep_auroc,Plasma-5 + NfL,90,0.7986725663716814,0.6724444388576026,0.9304420939754338,,
A_timedep_auroc,Plasma-5 + NfL,93,0.7986725663716814,0.6724444388576026,0.9304420939754338,,
A_timedep_auroc,Plasma-5 + NfL,96,0.7772861356932154,0.6275646502620187,0.956296992481203,,
A_timedep_auroc,Plasma-5 + NfL,99,0.7772861356932154,0.6275646502620187,0.956296992481203,,
A_timedep_auroc,Plasma-5 + slope,6,0.6718213058419243,0.595531827938033,0.7656129809229328,,
A_timedep_auroc,Plasma-5 + slope,9,0.6954239668810527,0.6274207760549873,0.7681014226919017,,
A_timedep_auroc,Plasma-5 + slope,12,0.7163148550009865,0.6609638354389391,0.7856850323954736,,
A_timedep_auroc,Plasma-5 + slope,15,0.739457338999673,0.6816048398358492,0.7994018650832334,,
A_timedep_auroc,Plasma-5 + slope,18,0.747313994090787,0.6833088271469716,0.8049159348916183,,
A_timedep_auroc,Plasma-5 + slope,21,0.7306919322423198,0.6630390260932327,0.7920502468314474,,
A_timedep_auroc,Plasma-5 + slope,24,0.7541565778853915,0.6772494020439227,0.8212620110582067,,
A_timedep_auroc,Plasma-5 + slope,27,0.7590017825311943,0.6889675491362919,0.8285610305415698,,
A_timedep_auroc,Plasma-5 + slope,30,0.790895061728395,0.7089949657842237,0.8611059712674072,,
A_timedep_auroc,Plasma-5 + slope,33,0.8121827411167513,0.7369336792446143,0.8828897336731585,,
A_timedep_auroc,Plasma-5 + slope,36,0.8182421227197346,0.7504022821249713,0.8871552108304137,,
A_timedep_auroc,Plasma-5 + slope,39,0.8380566801619432,0.7593223180076628,0.9098236401343623,,
A_timedep_auroc,Plasma-5 + slope,42,0.8512866933919565,0.7741689982444591,0.918592653041008,,
A_timedep_auroc,Plasma-5 + slope,45,0.8710691823899371,0.7853220549795721,0.9401631605098275,,
A_timedep_auroc,Plasma-5 + slope,48,0.8909917840375586,0.8131798469387754,0.9475865123496703,,
A_timedep_auroc,Plasma-5 + slope,51,0.9334883720930233,0.8941424680053438,0.96471932638332,,
A_timedep_auroc,Plasma-5 + slope,54,0.9506498068141903,0.9212201043018307,0.9762436124018694,,
A_timedep_auroc,Plasma-5 + slope,57,0.9461818181818181,0.9125710073710073,0.9729970655646095,,
A_timedep_auroc,Plasma-5 + slope,60,0.9445750097924012,0.9087723301717867,0.9724396352427433,,
A_timedep_auroc,Plasma-5 + slope,63,0.9501234567901233,0.917986928104575,0.9731620662693261,,
A_timedep_auroc,Plasma-5 + slope,66,0.9536873156342183,0.9234125927128712,0.9780129011957206,,
A_timedep_auroc,Plasma-5 + slope,69,0.9468219005663939,0.9181917427550615,0.9746749132560923,,
A_timedep_auroc,Plasma-5 + slope,72,0.9473684210526315,0.9187888712452031,0.9746749132560923,,
A_timedep_auroc,Plasma-5 + slope,75,0.9507797270955165,0.9171509103909701,0.9796396038754117,,
A_timedep_auroc,Plasma-5 + slope,78,0.9507797270955165,0.9171509103909701,0.9796396038754117,,
A_timedep_auroc,Plasma-5 + slope,81,0.9494697442295695,0.9051667437557817,0.9798307618251374,,
A_timedep_auroc,Plasma-5 + slope,84,0.9420289855072463,0.8991459510357815,0.9795433652347555,,
A_timedep_auroc,Plasma-5 + slope,87,0.9521739130434783,0.9059057971014493,0.991594827586207,,
A_timedep_auroc,Plasma-5 + slope,90,0.9361471861471861,0.889079526795044,0.968369855316758,,
A_timedep_auroc,Plasma-5 + slope,93,0.9361471861471861,0.889079526795044,0.968369855316758,,
A_timedep_auroc,Plasma-5 + slope,96,0.9264069264069266,0.8705480072463768,0.9634653343669055,,
A_timedep_auroc,Plasma-5 + slope,99,0.9264069264069266,0.8705480072463768,0.9634653343669055,,
A_timedep_auroc,Plasma-5 + NfL + slope,6,0.6807289569069674,0.6109119899306678,0.7507974375056798,,
A_timedep_auroc,Plasma-5 + NfL + slope,9,0.7170163170163171,0.6567494086353052,0.7874858864151846,,
A_timedep_auroc,Plasma-5 + NfL + slope,12,0.7614760857614074,0.6983301307122856,0.8134845555343693,,
A_timedep_auroc,Plasma-5 + NfL + slope,15,0.7728138174894601,0.7067628282702552,0.8211635372986311,,
A_timedep_auroc,Plasma-5 + NfL + slope,18,0.7649144764288693,0.6980136641805579,0.8236587576931786,,
A_timedep_auroc,Plasma-5 + NfL + slope,21,0.7512961042808473,0.6778840022598398,0.8171561952034709,,
A_timedep_auroc,Plasma-5 + NfL + slope,24,0.7694352159468438,0.7007499030178845,0.8345692530130654,,
A_timedep_auroc,Plasma-5 + NfL + slope,27,0.7698717948717948,0.6952583890499773,0.8448330895452381,,
A_timedep_auroc,Plasma-5 + NfL + slope,30,0.809467221231927,0.7381691673290939,0.8810306914317609,,
A_timedep_auroc,Plasma-5 + NfL + slope,33,0.8370535714285715,0.7707367999013077,0.9062964649383739,,
A_timedep_auroc,Plasma-5 + NfL + slope,36,0.8304988662131519,0.7665322511893317,0.906902531723797,,
A_timedep_auroc,Plasma-5 + NfL + slope,39,0.8470313715322789,0.7773353708739635,0.9130308714584362,,
A_timedep_auroc,Plasma-5 + NfL + slope,42,0.8585055643879173,0.8023796739300015,0.9202520512976121,,
A_timedep_auroc,Plasma-5 + NfL + slope,45,0.8702971746450008,0.8054578400130992,0.9342188373503528,,
A_timedep_auroc,Plasma-5 + NfL + slope,48,0.8898737980769231,0.8195565583586181,0.9495940455421221,,
A_timedep_auroc,Plasma-5 + NfL + slope,51,0.9260317460317461,0.8966734504824735,0.9649658584978706,,
A_timedep_auroc,Plasma-5 + NfL + slope,54,0.9473400431344355,0.9196015861629205,0.9739361534675001,,
A_timedep_auroc,Plasma-5 + NfL + slope,57,0.9447441860465116,0.9145639779661496,0.9716100766518576,,
A_timedep_auroc,Plasma-5 + NfL + slope,60,0.9453015427769986,0.9159235042656722,0.9711162009047478,,
A_timedep_auroc,Plasma-5 + NfL + slope,63,0.9366161616161617,0.8972261745284297,0.9645581432306378,,
A_timedep_auroc,Plasma-5 + NfL + slope,66,0.9438914027149322,0.9085360159751753,0.9722188995215311,,
A_timedep_auroc,Plasma-5 + NfL + slope,69,0.9372586872586872,0.8977748062096488,0.9678320014366525,,
A_timedep_auroc,Plasma-5 + NfL + slope,72,0.9296309072093824,0.8859618096357227,0.9639561683864486,,
A_timedep_auroc,Plasma-5 + NfL + slope,75,0.9307424015944195,0.8861698601342065,0.9721270285111486,,
A_timedep_auroc,Plasma-5 + NfL + slope,78,0.9307424015944195,0.8861698601342065,0.9721270285111486,,
A_timedep_auroc,Plasma-5 + NfL + slope,81,0.9260204081632653,0.8780729965773633,0.9706753517326204,,
A_timedep_auroc,Plasma-5 + NfL + slope,84,0.9133333333333333,0.8635743983752299,0.959307268722467,,
A_timedep_auroc,Plasma-5 + NfL + slope,87,0.9235555555555556,0.8692247041227728,0.9702774281518776,,
A_timedep_auroc,Plasma-5 + NfL + slope,90,0.9026548672566371,0.8438125750901081,0.9523640511484912,,
A_timedep_auroc,Plasma-5 + NfL + slope,93,0.9026548672566371,0.8438125750901081,0.9523640511484912,,
A_timedep_auroc,Plasma-5 + NfL + slope,96,0.8908554572271387,0.8254213172448467,0.9518123228376618,,
A_timedep_auroc,Plasma-5 + NfL + slope,99,0.8908554572271387,0.8254213172448467,0.9518123228376618,,
B_fixed_horizon_auroc,NfL,12,0.7048859263331501,0.6396229146303029,0.7752303119482862,,
B_fixed_horizon_auroc,NfL,24,0.6710963455149502,0.6067451083809051,0.7449776288230077,,
B_fixed_horizon_auroc,NfL,36,0.7043650793650793,0.631484800301726,0.7766147636025481,,
B_fixed_horizon_auroc,NfL,54,0.7036304816678649,0.6060960480978004,0.791524910831306,,
B_fixed_horizon_auroc,ALSFRS slope,12,0.734464391398698,0.6719942534071304,0.7986017491030103,,
B_fixed_horizon_auroc,ALSFRS slope,24,0.7004842615012107,0.6243233911978519,0.7756661124823307,,
B_fixed_horizon_auroc,ALSFRS slope,36,0.7671088999447209,0.6995816184517739,0.825220442343604,,
B_fixed_horizon_auroc,ALSFRS slope,54,0.8743414120126449,0.816891794673335,0.9300464527027026,,
B_fixed_horizon_auroc,NfL + slope,12,0.7657366684991753,0.7050518951541969,0.8224527716439969,,
B_fixed_horizon_auroc,NfL + slope,24,0.7140365448504983,0.6468348319185612,0.7848670482936606,,
B_fixed_horizon_auroc,NfL + slope,36,0.7827664399092971,0.7228056237497728,0.8440685471935473,,
B_fixed_horizon_auroc,NfL + slope,54,0.8456146657081237,0.7843333783263216,0.90197769425779,,
B_fixed_horizon_auroc,Plasma-5,12,0.5711843230091406,0.4999866755490295,0.6415612109209538,,
B_fixed_horizon_auroc,Plasma-5,24,0.6918482647296207,0.620382525171333,0.7613352402484699,,
B_fixed_horizon_auroc,Plasma-5,36,0.7083471531232726,0.6282639755700309,0.7927660734675405,,
B_fixed_horizon_auroc,Plasma-5,54,0.8401826484018264,0.779762331838565,0.8960376045523104,,
B_fixed_horizon_auroc,Plasma-5 + NfL,12,0.7016217702034084,0.637840254294232,0.7690425374022407,,
B_fixed_horizon_auroc,Plasma-5 + NfL,24,0.7370431893687708,0.6678587512047839,0.8057924445263244,,
B_fixed_horizon_auroc,Plasma-5 + NfL,36,0.773015873015873,0.6951341477671265,0.8456649531667351,,
B_fixed_horizon_auroc,Plasma-5 + NfL,54,0.8795830337886412,0.8258983097126174,0.9266001950399715,,
B_fixed_horizon_auroc,Plasma-5 + slope,12,0.7163148550009865,0.656342871879444,0.7806501354579881,,
B_fixed_horizon_auroc,Plasma-5 + slope,24,0.7541565778853915,0.6829358863012523,0.8229594293771123,,
B_fixed_horizon_auroc,Plasma-5 + slope,36,0.8182421227197346,0.7388184375650088,0.8878467849123969,,
B_fixed_horizon_auroc,Plasma-5 + slope,54,0.9506498068141903,0.9185296377431926,0.9762089070574795,,
B_fixed_horizon_auroc,Plasma-5 + NfL + slope,12,0.7614760857614074,0.6980715291435724,0.8244744675263739,,
B_fixed_horizon_auroc,Plasma-5 + NfL + slope,24,0.7694352159468438,0.6964725549051582,0.8340215793089645,,
B_fixed_horizon_auroc,Plasma-5 + NfL + slope,36,0.8304988662131519,0.7606662991829899,0.8961747131312632,,
B_fixed_horizon_auroc,Plasma-5 + NfL + slope,54,0.9473400431344355,0.9186521927486004,0.9735299767200605,,
D_sens_spec,NfL,24,,,,0.5930232558139535,0.7285714285714285
D_sens_spec,NfL,36,,,,0.5663265306122449,0.7777777777777778
D_sens_spec,ALSFRS slope,24,,,,0.5819209039548022,0.6857142857142857
D_sens_spec,ALSFRS slope,36,,,,0.5671641791044776,0.8
D_sens_spec,NfL + slope,24,,,,0.5930232558139535,0.7285714285714285
D_sens_spec,NfL + slope,36,,,,0.5867346938775511,0.8666666666666667
D_sens_spec,Plasma-5,24,,,,0.5875706214689266,0.7142857142857143
D_sens_spec,Plasma-5,36,,,,0.5572139303482587,0.7555555555555555
D_sens_spec,Plasma-5 + NfL,24,,,,0.5930232558139535,0.7285714285714285
D_sens_spec,Plasma-5 + NfL,36,,,,0.5714285714285714,0.8
D_sens_spec,Plasma-5 + slope,24,,,,0.5988700564971752,0.7428571428571429
D_sens_spec,Plasma-5 + slope,36,,,,0.572139303482587,0.8222222222222222
D_sens_spec,Plasma-5 + NfL + slope,24,,,,0.6104651162790697,0.7714285714285715
D_sens_spec,Plasma-5 + NfL + slope,36,,,,0.576530612244898,0.8222222222222222
