size_nm,sample_id,trace,concentration_particles_ml
2.5,NTA-01,GLAST+ individual,5550926.487114183
7.5,NTA-01,GLAST+ individual,5659325.033157883
12.5,NTA-01,GLAST+ individual,5901812.536103401
17.5,NTA-01,GLAST+ individual,6314537.672135043
22.5,NTA-01,GLAST+ individual,6920935.695074437
27.5,NTA-01,GLAST+ individual,7713049.261634405
32.5,NTA-01,GLAST+ individual,8645674.449812362
37.5,NTA-01,GLAST+ individual,9646753.453178944
42.5,NTA-01,GLAST+ individual,10644528.799343377
47.5,NTA-01,GLAST+ individual,11597344.799704975
52.5,NTA-01,GLAST+ individual,12511272.371369716
57.5,NTA-01,GLAST+ individual,13445180.68175159
62.5,NTA-01,GLAST+ individual,14490312.803310197
67.5,NTA-01,GLAST+ individual,15738538.51036353
72.5,NTA-01,GLAST+ individual,17243448.432424314
77.5,NTA-01,GLAST+ individual,18998081.788721267
82.5,NTA-01,GLAST+ individual,20924122.231696457
87.5,NTA-01,GLAST+ individual,22890749.574562263
92.5,NTA-01,GLAST+ individual,24742841.338588532
97.5,NTA-01,GLAST+ individual,26337690.314826168
102.5,NTA-01,GLAST+ individual,27575826.617061913
107.5,NTA-01,GLAST+ individual,28421686.92902536
112.5,NTA-01,GLAST+ individual,28904370.465781804
117.5,NTA-01,GLAST+ individual,29109041.28556379
122.5,NTA-01,GLAST+ individual,29158362.903431326
127.5,NTA-01,GLAST+ individual,29190132.548820235
132.5,NTA-01,GLAST+ individual,29333803.695127428
137.5,NTA-01,GLAST+ individual,29686260.63732923
142.5,NTA-01,GLAST+ individual,30294059.79858552
147.5,NTA-01,GLAST+ individual,31141499.643620957
152.5,NTA-01,GLAST+ individual,32148481.03586477
157.5,NTA-01,GLAST+ individual,33178688.27211755
162.5,NTA-01,GLAST+ individual,34064594.73005004
167.5,NTA-01,GLAST+ individual,34636941.86547892
172.5,NTA-01,GLAST+ individual,34760579.491437696
177.5,NTA-01,GLAST+ individual,34359459.46380882
182.5,NTA-01,GLAST+ individual,33434317.794200003
187.5,NTA-01,GLAST+ individual,32055779.350921858
192.5,NTA-01,GLAST+ individual,30346881.18798281
197.5,NTA-01,GLAST+ individual,28453582.31772813
202.5,NTA-01,GLAST+ individual,26516374.920090403
207.5,NTA-01,GLAST+ individual,24648469.553381667
212.5,NTA-01,GLAST+ individual,22927952.63478997
217.5,NTA-01,GLAST+ individual,21399622.566208463
222.5,NTA-01,GLAST+ individual,20080187.373857744
227.5,NTA-01,GLAST+ individual,18966763.73873918
232.5,NTA-01,GLAST+ individual,18041681.306623947
237.5,NTA-01,GLAST+ individual,17276723.394328915
242.5,NTA-01,GLAST+ individual,16630189.502361242
247.5,NTA-01,GLAST+ individual,16053721.144569421
252.5,NTA-01,GLAST+ individual,15491841.628638502
257.5,NTA-01,GLAST+ individual,14894933.499645045
262.5,NTA-01,GLAST+ individual,14226186.517476529
267.5,NTA-01,GLAST+ individual,13470784.553908229
272.5,NTA-01,GLAST+ individual,12637028.169195013
277.5,NTA-01,GLAST+ individual,11756624.573649775
282.5,NTA-01,GLAST+ individual,10874056.33409778
287.5,NTA-01,GLAST+ individual,10035387.002231061
292.5,NTA-01,GLAST+ individual,9277894.995747816
297.5,NTA-01,GLAST+ individual,8622899.345920358
302.5,NTA-01,GLAST+ individual,8073266.088288055
307.5,NTA-01,GLAST+ individual,7614486.528024867
312.5,NTA-01,GLAST+ individual,7219805.461461979
317.5,NTA-01,GLAST+ individual,6855933.330526394
322.5,NTA-01,GLAST+ individual,6491916.083759501
327.5,NTA-01,GLAST+ individual,6102954.106332611
332.5,NTA-01,GLAST+ individual,5677158.376194548
337.5,NTA-01,GLAST+ individual,5216152.966039614
342.5,NTA-01,GLAST+ individual,4733621.370973644
347.5,NTA-01,GLAST+ individual,4249305.462398188
352.5,NTA-01,GLAST+ individual,3783750.953480062
357.5,NTA-01,GLAST+ individual,3350995.205542673
362.5,NTA-01,GLAST+ individual,2959517.078258019
367.5,NTA-01,GLAST+ individual,2612584.140913179
372.5,NTA-01,GLAST+ individual,2311628.354506104
377.5,NTA-01,GLAST+ individual,2058194.9972412908
382.5,NTA-01,GLAST+ individual,1855377.277230462
387.5,NTA-01,GLAST+ individual,1706918.1625889842
392.5,NTA-01,GLAST+ individual,1616728.5111081733
397.5,NTA-01,GLAST+ individual,1585684.9300769488
402.5,NTA-01,GLAST+ individual,1611411.5736479277
407.5,NTA-01,GLAST+ individual,1687267.7978346213
412.5,NTA-01,GLAST+ individual,1799737.7924805868
417.5,NTA-01,GLAST+ individual,1929594.2224467518
422.5,NTA-01,GLAST+ individual,2050476.433837518
427.5,NTA-01,GLAST+ individual,2134625.6488318965
432.5,NTA-01,GLAST+ individual,2157314.199491386
437.5,NTA-01,GLAST+ individual,2102438.943654195
442.5,NTA-01,GLAST+ individual,1966831.4606704207
447.5,NTA-01,GLAST+ individual,1760655.0092670647
452.5,NTA-01,GLAST+ individual,1505043.100364101
457.5,NTA-01,GLAST+ individual,1226707.2532919405
462.5,NTA-01,GLAST+ individual,952068.3690766878
467.5,NTA-01,GLAST+ individual,702843.2712450128
472.5,NTA-01,GLAST+ individual,493252.36937477824
477.5,NTA-01,GLAST+ individual,328886.07429540827
482.5,NTA-01,GLAST+ individual,208721.8714195885
487.5,NTA-01,GLAST+ individual,127831.11811209496
492.5,NTA-01,GLAST+ individual,79104.27933939511
497.5,NTA-01,GLAST+ individual,56410.80210135398
2.5,NTA-02,GLAST+ individual,675926.8482211392
7.5,NTA-02,GLAST+ individual,732966.0110872923
12.5,NTA-02,GLAST+ individual,851627.4896356484
17.5,NTA-02,GLAST+ individual,1041084.4974746334
22.5,NTA-02,GLAST+ individual,1314416.064236145
27.5,NTA-02,GLAST+ individual,1687041.704034495
32.5,NTA-02,GLAST+ individual,2176334.9040789763
37.5,NTA-02,GLAST+ individual,2798966.6595677226
42.5,NTA-02,GLAST+ individual,3569812.963835827
47.5,NTA-02,GLAST+ individual,4499348.083045892
52.5,NTA-02,GLAST+ individual,5591067.357012443
57.5,NTA-02,GLAST+ individual,6839326.459855119
62.5,NTA-02,GLAST+ individual,8226327.155693402
67.5,NTA-02,GLAST+ individual,9721458.02336236
72.5,NTA-02,GLAST+ individual,11281338.307731215
77.5,NTA-02,GLAST+ individual,12854746.176799446
82.5,NTA-02,GLAST+ individual,14387532.399641607
87.5,NTA-02,GLAST+ individual,15829657.875969417
92.5,NTA-02,GLAST+ individual,17141442.58944656
97.5,NTA-02,GLAST+ individual,18295539.547500655
102.5,NTA-02,GLAST+ individual,19276473.85480067
107.5,NTA-02,GLAST+ individual,20077478.369636953
112.5,NTA-02,GLAST+ individual,20696569.32097275
117.5,NTA-02,GLAST+ individual,21134432.849460416
122.5,NTA-02,GLAST+ individual,21393934.237793196
127.5,NTA-02,GLAST+ individual,21481483.74979849
132.5,NTA-02,GLAST+ individual,21407187.386766948
137.5,NTA-02,GLAST+ individual,21184230.179224435
142.5,NTA-02,GLAST+ individual,20825881.797703832
147.5,NTA-02,GLAST+ individual,20342435.943459354
152.5,NTA-02,GLAST+ individual,19739505.74802943
157.5,NTA-02,GLAST+ individual,19019428.52331683
162.5,NTA-02,GLAST+ individual,18185100.910556283
167.5,NTA-02,GLAST+ individual,17244885.627759196
172.5,NTA-02,GLAST+ individual,16216884.561596604
177.5,NTA-02,GLAST+ individual,15129265.559365569
182.5,NTA-02,GLAST+ individual,14017375.525867257
187.5,NTA-02,GLAST+ individual,12918262.273568727
192.5,NTA-02,GLAST+ individual,11864999.592081208
197.5,NTA-02,GLAST+ individual,10881472.603989335
202.5,NTA-02,GLAST+ individual,9981893.419745695
207.5,NTA-02,GLAST+ individual,9170944.28582523
212.5,NTA-02,GLAST+ individual,8447115.23579856
217.5,NTA-02,GLAST+ individual,7805093.182645182
222.5,NTA-02,GLAST+ individual,7236984.41377035
227.5,NTA-02,GLAST+ individual,6733374.693958293
232.5,NTA-02,GLAST+ individual,6282699.095344493
237.5,NTA-02,GLAST+ individual,5872393.181526177
242.5,NTA-02,GLAST+ individual,5489324.60083823
247.5,NTA-02,GLAST+ individual,5122907.821490213
252.5,NTA-02,GLAST+ individual,4766159.569764929
257.5,NTA-02,GLAST+ individual,4416268.640410265
262.5,NTA-02,GLAST+ individual,4075153.659085028
267.5,NTA-02,GLAST+ individual,3747682.5234295083
272.5,NTA-02,GLAST+ individual,3440476.1668641814
277.5,NTA-02,GLAST+ individual,3160351.741474474
282.5,NTA-02,GLAST+ individual,2912579.1086018537
287.5,NTA-02,GLAST+ individual,2699418.9004390533
292.5,NTA-02,GLAST+ individual,2518747.8540236643
297.5,NTA-02,GLAST+ individual,2364073.7497140802
302.5,NTA-02,GLAST+ individual,2225274.3963550455
307.5,NTA-02,GLAST+ individual,2091130.595934672
312.5,NTA-02,GLAST+ individual,1952639.824238728
317.5,NTA-02,GLAST+ individual,1805336.0460484955
322.5,NTA-02,GLAST+ individual,1650395.865754376
327.5,NTA-02,GLAST+ individual,1493775.8865869208
332.5,NTA-02,GLAST+ individual,1343667.4657965286
337.5,NTA-02,GLAST+ individual,1207649.010463442
342.5,NTA-02,GLAST+ individual,1090928.9647860054
347.5,NTA-02,GLAST+ individual,995560.8979275292
352.5,NTA-02,GLAST+ individual,920983.9632614584
357.5,NTA-02,GLAST+ individual,865039.6762308836
362.5,NTA-02,GLAST+ individual,824756.1760386445
367.5,NTA-02,GLAST+ individual,796564.3286729996
372.5,NTA-02,GLAST+ individual,776551.7372887067
377.5,NTA-02,GLAST+ individual,760066.6483598071
382.5,NTA-02,GLAST+ individual,742411.9404587888
387.5,NTA-02,GLAST+ individual,719432.0162955753
392.5,NTA-02,GLAST+ individual,688405.8237361994
397.5,NTA-02,GLAST+ individual,648670.3878563222
402.5,NTA-02,GLAST+ individual,601602.2747825217
407.5,NTA-02,GLAST+ individual,549928.8903135882
412.5,NTA-02,GLAST+ individual,496937.4572201303
417.5,NTA-02,GLAST+ individual,445630.17939540703
422.5,NTA-02,GLAST+ individual,398148.9568814361
427.5,NTA-02,GLAST+ individual,355640.10138317046
432.5,NTA-02,GLAST+ individual,318515.4744460294
437.5,NTA-02,GLAST+ individual,286487.5911155516
442.5,NTA-02,GLAST+ individual,259024.38697483603
447.5,NTA-02,GLAST+ individual,235310.57336507065
452.5,NTA-02,GLAST+ individual,214443.69951193527
457.5,NTA-02,GLAST+ individual,195473.15170746285
462.5,NTA-02,GLAST+ individual,177704.53659938517
467.5,NTA-02,GLAST+ individual,160715.30066438625
472.5,NTA-02,GLAST+ individual,144545.73010918705
477.5,NTA-02,GLAST+ individual,129604.97709454403
482.5,NTA-02,GLAST+ individual,116520.17118344919
487.5,NTA-02,GLAST+ individual,105988.83885903755
492.5,NTA-02,GLAST+ individual,98614.62932443633
497.5,NTA-02,GLAST+ individual,94829.8482504845
2.5,NTA-03,GLAST+ individual,338747.66574607
7.5,NTA-03,GLAST+ individual,359140.83655014855
12.5,NTA-03,GLAST+ individual,400183.6789185678
17.5,NTA-03,GLAST+ individual,463037.27836912684
22.5,NTA-03,GLAST+ individual,549803.1064589258
27.5,NTA-03,GLAST+ individual,663899.2307224888
32.5,NTA-03,GLAST+ individual,810359.8307949333
37.5,NTA-03,GLAST+ individual,995715.1887353752
42.5,NTA-03,GLAST+ individual,1227371.302654343
47.5,NTA-03,GLAST+ individual,1513179.6641444317
52.5,NTA-03,GLAST+ individual,1859922.1366493776
57.5,NTA-03,GLAST+ individual,2272131.957153989
62.5,NTA-03,GLAST+ individual,2750312.7590891784
67.5,NTA-03,GLAST+ individual,3289725.6769179096
72.5,NTA-03,GLAST+ individual,3879565.7879489977
77.5,NTA-03,GLAST+ individual,4503601.654304791
82.5,NTA-03,GLAST+ individual,5141815.241054653
87.5,NTA-03,GLAST+ individual,5772833.56388697
92.5,NTA-03,GLAST+ individual,6376465.439583328
97.5,NTA-03,GLAST+ individual,6935443.674231753
102.5,NTA-03,GLAST+ individual,7436175.521029449
107.5,NTA-03,GLAST+ individual,7868696.875643922
112.5,NTA-03,GLAST+ individual,8225965.064989659
117.5,NTA-03,GLAST+ individual,8503990.255799286
122.5,NTA-03,GLAST+ individual,8701656.657924369
127.5,NTA-03,GLAST+ individual,8820994.986626316
132.5,NTA-03,GLAST+ individual,8866694.634676848
137.5,NTA-03,GLAST+ individual,8845432.48751289
142.5,NTA-03,GLAST+ individual,8763923.229434635
147.5,NTA-03,GLAST+ individual,8628603.605522823
152.5,NTA-03,GLAST+ individual,8444816.249776362
157.5,NTA-03,GLAST+ individual,8217621.673287385
162.5,NTA-03,GLAST+ individual,7952542.533648697
167.5,NTA-03,GLAST+ individual,7656593.986514471
172.5,NTA-03,GLAST+ individual,7338935.968227372
177.5,NTA-03,GLAST+ individual,7010606.843095428
182.5,NTA-03,GLAST+ individual,6683026.505512686
187.5,NTA-03,GLAST+ individual,6366701.041322074
192.5,NTA-03,GLAST+ individual,6068921.689361611
197.5,NTA-03,GLAST+ individual,5792057.843660862
202.5,NTA-03,GLAST+ individual,5532869.809307311
207.5,NTA-03,GLAST+ individual,5283659.792717394
212.5,NTA-03,GLAST+ individual,5034295.020219083
217.5,NTA-03,GLAST+ individual,4776051.572780215
222.5,NTA-03,GLAST+ individual,4504569.587753821
227.5,NTA-03,GLAST+ individual,4221258.047230722
232.5,NTA-03,GLAST+ individual,3932751.3736039354
237.5,NTA-03,GLAST+ individual,3648476.5649277647
242.5,NTA-03,GLAST+ individual,3377382.2779038525
247.5,NTA-03,GLAST+ individual,3125685.301150813
252.5,NTA-03,GLAST+ individual,2896148.3439179873
257.5,NTA-03,GLAST+ individual,2688597.723238838
262.5,NTA-03,GLAST+ individual,2501280.408971162
267.5,NTA-03,GLAST+ individual,2331962.4467765777
272.5,NTA-03,GLAST+ individual,2178103.672437126
277.5,NTA-03,GLAST+ individual,2036774.4947800548
282.5,NTA-03,GLAST+ individual,1903811.0095693162
287.5,NTA-03,GLAST+ individual,1774353.4381951466
292.5,NTA-03,GLAST+ individual,1643427.7566982403
297.5,NTA-03,GLAST+ individual,1507608.3806297858
302.5,NTA-03,GLAST+ individual,1366135.9209308708
307.5,NTA-03,GLAST+ individual,1221808.330427857
312.5,NTA-03,GLAST+ individual,1079761.6182891373
317.5,NTA-03,GLAST+ individual,946478.0266260493
322.5,NTA-03,GLAST+ individual,828019.612564871
327.5,NTA-03,GLAST+ individual,728606.6682355991
332.5,NTA-03,GLAST+ individual,650313.7584783288
337.5,NTA-03,GLAST+ individual,593051.9165957286
342.5,NTA-03,GLAST+ individual,555452.2229831629
347.5,NTA-03,GLAST+ individual,535459.2502871712
352.5,NTA-03,GLAST+ individual,530650.0380646673
357.5,NTA-03,GLAST+ individual,538150.6069792572
362.5,NTA-03,GLAST+ individual,554621.1001832227
367.5,NTA-03,GLAST+ individual,576019.370279117
372.5,NTA-03,GLAST+ individual,597868.9829918884
377.5,NTA-03,GLAST+ individual,615612.5002392543
382.5,NTA-03,GLAST+ individual,625234.2301412824
387.5,NTA-03,GLAST+ individual,623574.1084035418
392.5,NTA-03,GLAST+ individual,609008.3011920815
397.5,NTA-03,GLAST+ individual,581405.7770598494
402.5,NTA-03,GLAST+ individual,542192.4460008062
407.5,NTA-03,GLAST+ individual,494200.4644128615
412.5,NTA-03,GLAST+ individual,441161.13347021455
417.5,NTA-03,GLAST+ individual,387229.4088225498
422.5,NTA-03,GLAST+ individual,336381.3504580917
427.5,NTA-03,GLAST+ individual,291832.79654392606
432.5,NTA-03,GLAST+ individual,255615.87460254531
437.5,NTA-03,GLAST+ individual,228403.12253179163
442.5,NTA-03,GLAST+ individual,209617.23400204524
447.5,NTA-03,GLAST+ individual,197774.4392745979
452.5,NTA-03,GLAST+ individual,191001.6879882529
457.5,NTA-03,GLAST+ individual,187558.18411647627
462.5,NTA-03,GLAST+ individual,186158.83073433046
467.5,NTA-03,GLAST+ individual,186089.97041431456
472.5,NTA-03,GLAST+ individual,187029.79850259787
477.5,NTA-03,GLAST+ individual,188869.65047930175
482.5,NTA-03,GLAST+ individual,191389.43444739102
487.5,NTA-03,GLAST+ individual,194110.7138647808
492.5,NTA-03,GLAST+ individual,196462.05823690415
497.5,NTA-03,GLAST+ individual,197808.70985169176
2.5,NTA-04,GLAST+ individual,733511.539611558
7.5,NTA-04,GLAST+ individual,784467.0769168496
12.5,NTA-04,GLAST+ individual,889379.0980686857
17.5,NTA-04,GLAST+ individual,1054528.6828405662
22.5,NTA-04,GLAST+ individual,1288303.4313621162
27.5,NTA-04,GLAST+ individual,1600133.5780702592
32.5,NTA-04,GLAST+ individual,1999918.3312682011
37.5,NTA-04,GLAST+ individual,2496049.3021918894
42.5,NTA-04,GLAST+ individual,3093890.4969604784
47.5,NTA-04,GLAST+ individual,3794330.6996063627
52.5,NTA-04,GLAST+ individual,4592074.513771164
57.5,NTA-04,GLAST+ individual,5474862.148733177
62.5,NTA-04,GLAST+ individual,6423671.671242548
67.5,NTA-04,GLAST+ individual,7414596.7335816985
72.5,NTA-04,GLAST+ individual,8421388.823293721
77.5,NTA-04,GLAST+ individual,9418978.476977786
82.5,NTA-04,GLAST+ individual,10385432.341712244
87.5,NTA-04,GLAST+ individual,11303240.82191179
92.5,NTA-04,GLAST+ individual,12158881.446181728
97.5,NTA-04,GLAST+ individual,12940767.919242477
102.5,NTA-04,GLAST+ individual,13637971.701290086
107.5,NTA-04,GLAST+ individual,14239104.31500888
112.5,NTA-04,GLAST+ individual,14732293.223601427
117.5,NTA-04,GLAST+ individual,15106118.27388124
122.5,NTA-04,GLAST+ individual,15351023.970156018
127.5,NTA-04,GLAST+ individual,15460420.387636118
132.5,NTA-04,GLAST+ individual,15431754.48314499
137.5,NTA-04,GLAST+ individual,15267298.057302063
142.5,NTA-04,GLAST+ individual,14975125.017787028
147.5,NTA-04,GLAST+ individual,14569086.684117809
152.5,NTA-04,GLAST+ individual,14068339.033525372
157.5,NTA-04,GLAST+ individual,13495811.007861821
162.5,NTA-04,GLAST+ individual,12876138.910229478
167.5,NTA-04,GLAST+ individual,12232263.298770249
172.5,NTA-04,GLAST+ individual,11583639.461461995
177.5,NTA-04,GLAST+ individual,10944220.450207682
182.5,NTA-04,GLAST+ individual,10322170.763958296
187.5,NTA-04,GLAST+ individual,9720695.899303036
192.5,NTA-04,GLAST+ individual,9140374.819816878
197.5,NTA-04,GLAST+ individual,8580812.359495489
202.5,NTA-04,GLAST+ individual,8043041.899130333
207.5,NTA-04,GLAST+ individual,7529790.58710927
212.5,NTA-04,GLAST+ individual,7045462.555671423
217.5,NTA-04,GLAST+ individual,6594417.5811136225
222.5,NTA-04,GLAST+ individual,6179270.658018085
227.5,NTA-04,GLAST+ individual,5799249.399322229
232.5,NTA-04,GLAST+ individual,5449771.129014973
237.5,NTA-04,GLAST+ individual,5123514.854816324
242.5,NTA-04,GLAST+ individual,4812227.509730678
247.5,NTA-04,GLAST+ individual,4509465.648726745
252.5,NTA-04,GLAST+ individual,4211728.042610761
257.5,NTA-04,GLAST+ individual,3918733.708237088
262.5,NTA-04,GLAST+ individual,3632699.860989921
267.5,NTA-04,GLAST+ individual,3356059.4332812787
272.5,NTA-04,GLAST+ individual,3090171.150090295
277.5,NTA-04,GLAST+ individual,2834851.6561266677
282.5,NTA-04,GLAST+ individual,2588837.099175386
287.5,NTA-04,GLAST+ individual,2351104.5988464262
292.5,NTA-04,GLAST+ individual,2122425.5660230205
297.5,NTA-04,GLAST+ individual,1905750.44699541
302.5,NTA-04,GLAST+ individual,1705955.0372728594
307.5,NTA-04,GLAST+ individual,1528260.9397664885
312.5,NTA-04,GLAST+ individual,1376787.9943123683
317.5,NTA-04,GLAST+ individual,1253158.837137951
322.5,NTA-04,GLAST+ individual,1156028.2082772756
327.5,NTA-04,GLAST+ individual,1081301.1233195616
332.5,NTA-04,GLAST+ individual,1023273.0748746488
337.5,NTA-04,GLAST+ individual,976001.2001168773
342.5,NTA-04,GLAST+ individual,934456.3955201879
347.5,NTA-04,GLAST+ individual,895239.6618468369
352.5,NTA-04,GLAST+ individual,856884.9362543913
357.5,NTA-04,GLAST+ individual,819394.0468186971
362.5,NTA-04,GLAST+ individual,783552.8791715141
367.5,NTA-04,GLAST+ individual,750383.8918827671
372.5,NTA-04,GLAST+ individual,720624.3983334632
377.5,NTA-04,GLAST+ individual,694327.6110030364
382.5,NTA-04,GLAST+ individual,671223.1976050847
387.5,NTA-04,GLAST+ individual,650381.9126256907
392.5,NTA-04,GLAST+ individual,630587.1361819636
397.5,NTA-04,GLAST+ individual,610057.5310910869
402.5,NTA-04,GLAST+ individual,586732.2338969054
407.5,NTA-04,GLAST+ individual,558362.7670455533
412.5,NTA-04,GLAST+ individual,523032.961365008
417.5,NTA-04,GLAST+ individual,479851.2235849906
422.5,NTA-04,GLAST+ individual,429367.99497356254
427.5,NTA-04,GLAST+ individual,373807.75569596095
432.5,NTA-04,GLAST+ individual,316929.8394467286
437.5,NTA-04,GLAST+ individual,263332.64201503404
442.5,NTA-04,GLAST+ individual,217647.8149928069
447.5,NTA-04,GLAST+ individual,183839.4824361323
452.5,NTA-04,GLAST+ individual,164569.4424477121
457.5,NTA-04,GLAST+ individual,160975.88579347517
462.5,NTA-04,GLAST+ individual,172632.28371388797
467.5,NTA-04,GLAST+ individual,197562.33559009398
472.5,NTA-04,GLAST+ individual,232519.19502835214
477.5,NTA-04,GLAST+ individual,273171.1059489263
482.5,NTA-04,GLAST+ individual,314566.65214979195
487.5,NTA-04,GLAST+ individual,351479.2695972981
492.5,NTA-04,GLAST+ individual,379172.6586194296
497.5,NTA-04,GLAST+ individual,394023.8051145023
2.5,NTA-05,GLAST+ individual,2677072.687533538
7.5,NTA-05,GLAST+ individual,2831577.6123975767
12.5,NTA-05,GLAST+ individual,3133562.591001217
17.5,NTA-05,GLAST+ individual,3571242.2298086407
22.5,NTA-05,GLAST+ individual,4136435.7264292585
27.5,NTA-05,GLAST+ individual,4829707.528419129
32.5,NTA-05,GLAST+ individual,5670909.792326359
37.5,NTA-05,GLAST+ individual,6700499.071099697
42.5,NTA-05,GLAST+ individual,7976775.181919172
47.5,NTA-05,GLAST+ individual,9563282.256541055
52.5,NTA-05,GLAST+ individual,11508611.621061917
57.5,NTA-05,GLAST+ individual,13822539.845404286
62.5,NTA-05,GLAST+ individual,16456326.45346548
67.5,NTA-05,GLAST+ individual,19300915.204982452
72.5,NTA-05,GLAST+ individual,22198895.571888413
77.5,NTA-05,GLAST+ individual,24974730.58223881
82.5,NTA-05,GLAST+ individual,27467937.19352761
87.5,NTA-05,GLAST+ individual,29566873.70415003
92.5,NTA-05,GLAST+ individual,31218220.84777189
97.5,NTA-05,GLAST+ individual,32433204.59680965
102.5,NTA-05,GLAST+ individual,33271549.782071114
107.5,NTA-05,GLAST+ individual,33823324.01823618
112.5,NTA-05,GLAST+ individual,34188657.961111784
117.5,NTA-05,GLAST+ individual,34461736.465506114
122.5,NTA-05,GLAST+ individual,34715741.93075514
127.5,NTA-05,GLAST+ individual,34994874.84818791
132.5,NTA-05,GLAST+ individual,35304405.31275045
137.5,NTA-05,GLAST+ individual,35610274.90524466
142.5,NTA-05,GLAST+ individual,35841048.850162715
147.5,NTA-05,GLAST+ individual,35900509.91619362
152.5,NTA-05,GLAST+ individual,35683278.80604313
157.5,NTA-05,GLAST+ individual,35097399.74590439
162.5,NTA-05,GLAST+ individual,34086279.32238445
167.5,NTA-05,GLAST+ individual,32643358.238382317
172.5,NTA-05,GLAST+ individual,30814613.53245889
177.5,NTA-05,GLAST+ individual,28691374.764518153
182.5,NTA-05,GLAST+ individual,26394384.672420613
187.5,NTA-05,GLAST+ individual,24053514.123246796
192.5,NTA-05,GLAST+ individual,21791041.572799914
197.5,NTA-05,GLAST+ individual,19704460.628068347
202.5,NTA-05,GLAST+ individual,17859031.33716089
207.5,NTA-05,GLAST+ individual,16278895.227745011
212.5,NTA-05,GLAST+ individual,14948007.755912093
217.5,NTA-05,GLAST+ individual,13813056.307692584
222.5,NTA-05,GLAST+ individual,12799218.364505036
227.5,NTA-05,GLAST+ individual,11829343.428524084
232.5,NTA-05,GLAST+ individual,10840937.80299382
237.5,NTA-05,GLAST+ individual,9800033.797573788
242.5,NTA-05,GLAST+ individual,8705653.696871758
247.5,NTA-05,GLAST+ individual,7586938.437781614
252.5,NTA-05,GLAST+ individual,6490652.8130778335
257.5,NTA-05,GLAST+ individual,5475992.661497052
262.5,NTA-05,GLAST+ individual,4597825.860548796
267.5,NTA-05,GLAST+ individual,3902983.7935511526
272.5,NTA-05,GLAST+ individual,3421526.1723960396
277.5,NTA-05,GLAST+ individual,3158931.151268162
282.5,NTA-05,GLAST+ individual,3094878.331340655
287.5,NTA-05,GLAST+ individual,3184249.7489897124
292.5,NTA-05,GLAST+ individual,3363251.8727963953
297.5,NTA-05,GLAST+ individual,3560655.6140513504
302.5,NTA-05,GLAST+ individual,3710301.5192376287
307.5,NTA-05,GLAST+ individual,3766871.620916118
312.5,NTA-05,GLAST+ individual,3712104.3135400815
317.5,NTA-05,GLAST+ individual,3562367.6349330577
322.5,NTA-05,GLAST+ individual,3362816.026712944
327.5,NTA-05,GLAST+ individual,3175698.4957307423
332.5,NTA-05,GLAST+ individual,3065649.8573105363
337.5,NTA-05,GLAST+ individual,3081741.3148401515
342.5,NTA-05,GLAST+ individual,3245774.3350685285
347.5,NTA-05,GLAST+ individual,3543013.043227395
352.5,NTA-05,GLAST+ individual,3925645.9474412655
357.5,NTA-05,GLAST+ individual,4320479.393359418
362.5,NTA-05,GLAST+ individual,4643212.24248725
367.5,NTA-05,GLAST+ individual,4815895.230076921
372.5,NTA-05,GLAST+ individual,4784042.78762684
377.5,NTA-05,GLAST+ individual,4528980.095633255
382.5,NTA-05,GLAST+ individual,4072664.8377330173
387.5,NTA-05,GLAST+ individual,3470330.7052753484
392.5,NTA-05,GLAST+ individual,2797191.2291074255
397.5,NTA-05,GLAST+ individual,2129571.3416737174
402.5,NTA-05,GLAST+ individual,1530380.0685604005
407.5,NTA-05,GLAST+ individual,1037442.7154008852
412.5,NTA-05,GLAST+ individual,663782.595000582
417.5,NTA-05,GLAST+ individual,402328.9552995497
422.5,NTA-05,GLAST+ individual,235185.06775244052
427.5,NTA-05,GLAST+ individual,142178.63851340592
432.5,NTA-05,GLAST+ individual,106986.78803956804
437.5,NTA-05,GLAST+ individual,121097.62399561948
442.5,NTA-05,GLAST+ individual,186440.2991767167
447.5,NTA-05,GLAST+ individual,312497.5466706265
452.5,NTA-05,GLAST+ individual,514602.70638575003
457.5,NTA-05,GLAST+ individual,808328.5042264962
462.5,NTA-05,GLAST+ individual,1204523.5397817069
467.5,NTA-05,GLAST+ individual,1700802.9878528374
472.5,NTA-05,GLAST+ individual,2277432.5836750455
477.5,NTA-05,GLAST+ individual,2896037.2276421683
482.5,NTA-05,GLAST+ individual,3502248.5980789117
487.5,NTA-05,GLAST+ individual,4033234.887793576
492.5,NTA-05,GLAST+ individual,4428111.276735283
497.5,NTA-05,GLAST+ individual,4638791.545986291
2.5,NTA-06,GLAST+ individual,836236.8536561388
7.5,NTA-06,GLAST+ individual,921487.0799288927
12.5,NTA-06,GLAST+ individual,1092108.1056393269
17.5,NTA-06,GLAST+ individual,1347928.008389553
22.5,NTA-06,GLAST+ individual,1688799.5920211812
27.5,NTA-06,GLAST+ individual,2114422.9149553427
32.5,NTA-06,GLAST+ individual,2624466.140651215
37.5,NTA-06,GLAST+ individual,3217333.2836083593
42.5,NTA-06,GLAST+ individual,3891090.6321083326
47.5,NTA-06,GLAST+ individual,4642890.258146562
52.5,NTA-06,GLAST+ individual,5469197.476860678
57.5,NTA-06,GLAST+ individual,6367524.904795643
62.5,NTA-06,GLAST+ individual,7335633.601734811
67.5,NTA-06,GLAST+ individual,8371467.366020905
72.5,NTA-06,GLAST+ individual,9471548.25614714
77.5,NTA-06,GLAST+ individual,10628304.442081973
82.5,NTA-06,GLAST+ individual,11827171.850344751
87.5,NTA-06,GLAST+ individual,13045066.787430849
92.5,NTA-06,GLAST+ individual,14250583.465486588
97.5,NTA-06,GLAST+ individual,15406039.64929267
102.5,NTA-06,GLAST+ individual,16471277.463615723
107.5,NTA-06,GLAST+ individual,17407904.595930886
112.5,NTA-06,GLAST+ individual,18182429.902717743
117.5,NTA-06,GLAST+ individual,18769223.01489935
122.5,NTA-06,GLAST+ individual,19152675.988795914
127.5,NTA-06,GLAST+ individual,19328302.88652111
132.5,NTA-06,GLAST+ individual,19303952.344290644
137.5,NTA-06,GLAST+ individual,19099583.62257109
142.5,NTA-06,GLAST+ individual,18744913.080742083
147.5,NTA-06,GLAST+ individual,18274747.74391398
152.5,NTA-06,GLAST+ individual,17723612.40430939
157.5,NTA-06,GLAST+ individual,17120734.12684602
162.5,NTA-06,GLAST+ individual,16486790.98113912
167.5,NTA-06,GLAST+ individual,15834665.404601727
172.5,NTA-06,GLAST+ individual,15171655.070351109
177.5,NTA-06,GLAST+ individual,14503959.194829386
182.5,NTA-06,GLAST+ individual,13838906.954784162
187.5,NTA-06,GLAST+ individual,13185782.281119175
192.5,NTA-06,GLAST+ individual,12553926.939303689
197.5,NTA-06,GLAST+ individual,11950121.604046263
202.5,NTA-06,GLAST+ individual,11376331.498637322
207.5,NTA-06,GLAST+ individual,10827840.42826244
212.5,NTA-06,GLAST+ individual,10294639.86027375
217.5,NTA-06,GLAST+ individual,9763462.483100427
222.5,NTA-06,GLAST+ individual,9220365.325254291
227.5,NTA-06,GLAST+ individual,8655763.766563892
232.5,NTA-06,GLAST+ individual,8065973.080025481
237.5,NTA-06,GLAST+ individual,7455039.639183254
242.5,NTA-06,GLAST+ individual,6834087.649954925
247.5,NTA-06,GLAST+ individual,6219252.482095894
252.5,NTA-06,GLAST+ individual,5628216.7801872175
257.5,NTA-06,GLAST+ individual,5077166.562428946
262.5,NTA-06,GLAST+ individual,4578559.950455449
267.5,NTA-06,GLAST+ individual,4139470.307351131
272.5,NTA-06,GLAST+ individual,3761602.7458646633
277.5,NTA-06,GLAST+ individual,3441960.566945951
282.5,NTA-06,GLAST+ individual,3173768.4989939327
287.5,NTA-06,GLAST+ individual,2947824.5855876813
292.5,NTA-06,GLAST+ individual,2754624.7085966985
297.5,NTA-06,GLAST+ individual,2585583.9273471986
302.5,NTA-06,GLAST+ individual,2434358.6203720374
307.5,NTA-06,GLAST+ individual,2297462.333403577
312.5,NTA-06,GLAST+ individual,2173883.872812186
317.5,NTA-06,GLAST+ individual,2063322.8361243699
322.5,NTA-06,GLAST+ individual,1965273.2362862166
327.5,NTA-06,GLAST+ individual,1877881.384960704
332.5,NTA-06,GLAST+ individual,1797643.9583067107
337.5,NTA-06,GLAST+ individual,1720008.9963714257
342.5,NTA-06,GLAST+ individual,1640651.9116218267
347.5,NTA-06,GLAST+ individual,1556583.6654175012
352.5,NTA-06,GLAST+ individual,1466730.846898366
357.5,NTA-06,GLAST+ individual,1372184.5283284895
362.5,NTA-06,GLAST+ individual,1275626.5545747713
367.5,NTA-06,GLAST+ individual,1180565.5573682787
372.5,NTA-06,GLAST+ individual,1090475.3670472894
377.5,NTA-06,GLAST+ individual,1008303.108312927
382.5,NTA-06,GLAST+ individual,936093.6444384955
387.5,NTA-06,GLAST+ individual,874933.7387190392
392.5,NTA-06,GLAST+ individual,824897.3323619219
397.5,NTA-06,GLAST+ individual,785530.4322260282
402.5,NTA-06,GLAST+ individual,755592.3436819575
407.5,NTA-06,GLAST+ individual,733404.0986284722
412.5,NTA-06,GLAST+ individual,716963.9411753158
417.5,NTA-06,GLAST+ individual,703954.217732273
422.5,NTA-06,GLAST+ individual,691872.985024432
427.5,NTA-06,GLAST+ individual,678126.2578391876
432.5,NTA-06,GLAST+ individual,660350.9014813274
437.5,NTA-06,GLAST+ individual,636591.5593154188
442.5,NTA-06,GLAST+ individual,605755.992881503
447.5,NTA-06,GLAST+ individual,567816.3535849991
452.5,NTA-06,GLAST+ individual,523886.1230161237
457.5,NTA-06,GLAST+ individual,475882.7633869908
462.5,NTA-06,GLAST+ individual,426093.16645628784
467.5,NTA-06,GLAST+ individual,376738.120225973
472.5,NTA-06,GLAST+ individual,329751.1947872739
477.5,NTA-06,GLAST+ individual,286748.11201627925
482.5,NTA-06,GLAST+ individual,249277.61511580853
487.5,NTA-06,GLAST+ individual,218961.37562901495
492.5,NTA-06,GLAST+ individual,197500.16919244267
497.5,NTA-06,GLAST+ individual,186319.66113686154
2.5,NTA-07,GLAST+ individual,780539.5849813558
7.5,NTA-07,GLAST+ individual,845296.8407761663
12.5,NTA-07,GLAST+ individual,975099.6724211264
17.5,NTA-07,GLAST+ individual,1171142.6346459482
22.5,NTA-07,GLAST+ individual,1435900.624706124
27.5,NTA-07,GLAST+ individual,1774098.3767065762
32.5,NTA-07,GLAST+ individual,2191669.125489054
37.5,NTA-07,GLAST+ individual,2695697.190693888
42.5,NTA-07,GLAST+ individual,3292967.8743007737
47.5,NTA-07,GLAST+ individual,3988499.1805722895
52.5,NTA-07,GLAST+ individual,4784465.354791427
57.5,NTA-07,GLAST+ individual,5678976.592614946
62.5,NTA-07,GLAST+ individual,6666006.668742984
67.5,NTA-07,GLAST+ individual,7734492.413940685
72.5,NTA-07,GLAST+ individual,8868319.253599806
77.5,NTA-07,GLAST+ individual,10046277.311526008
82.5,NTA-07,GLAST+ individual,11242151.994221529
87.5,NTA-07,GLAST+ individual,12425727.945826927
92.5,NTA-07,GLAST+ individual,13564197.263788547
97.5,NTA-07,GLAST+ individual,14624681.97234068
102.5,NTA-07,GLAST+ individual,15576332.887975108
107.5,NTA-07,GLAST+ individual,16392818.420522675
112.5,NTA-07,GLAST+ individual,17053903.978932872
117.5,NTA-07,GLAST+ individual,17546631.651726738
122.5,NTA-07,GLAST+ individual,17865173.063362803
127.5,NTA-07,GLAST+ individual,18010515.352014583
132.5,NTA-07,GLAST+ individual,17989104.454644084
137.5,NTA-07,GLAST+ individual,17811615.341835454
142.5,NTA-07,GLAST+ individual,17491952.18190665
147.5,NTA-07,GLAST+ individual,17045346.541083377
152.5,NTA-07,GLAST+ individual,16488976.341495272
157.5,NTA-07,GLAST+ individual,15840790.509387933
162.5,NTA-07,GLAST+ individual,15120056.080504952
167.5,NTA-07,GLAST+ individual,14347188.675316045
172.5,NTA-07,GLAST+ individual,13543024.877460245
177.5,NTA-07,GLAST+ individual,12727736.71988276
182.5,NTA-07,GLAST+ individual,11918720.11994005
187.5,NTA-07,GLAST+ individual,11128847.752178926
192.5,NTA-07,GLAST+ individual,10365485.249916906
197.5,NTA-07,GLAST+ individual,9631237.760870706
202.5,NTA-07,GLAST+ individual,8924798.954201313
207.5,NTA-07,GLAST+ individual,8243305.439149062
212.5,NTA-07,GLAST+ individual,7585189.186179744
217.5,NTA-07,GLAST+ individual,6951945.478560733
222.5,NTA-07,GLAST+ individual,6349350.931552956
227.5,NTA-07,GLAST+ individual,5786622.42297321
232.5,NTA-07,GLAST+ individual,5274764.4165947
237.5,NTA-07,GLAST+ individual,4823215.611371933
242.5,NTA-07,GLAST+ individual,4436453.269579131
247.5,NTA-07,GLAST+ individual,4112006.0637833094
252.5,NTA-07,GLAST+ individual,3839648.4107949915
257.5,NTA-07,GLAST+ individual,3603594.8657192937
262.5,NTA-07,GLAST+ individual,3386150.386463451
267.5,NTA-07,GLAST+ individual,3172707.194866965
272.5,NTA-07,GLAST+ individual,2955167.5034114895
277.5,NTA-07,GLAST+ individual,2733839.416213373
282.5,NTA-07,GLAST+ individual,2516620.6701824227
287.5,NTA-07,GLAST+ individual,2315939.590589602
292.5,NTA-07,GLAST+ individual,2144411.4639361612
297.5,NTA-07,GLAST+ individual,2010908.3701926258
302.5,NTA-07,GLAST+ individual,1917645.6106926012
307.5,NTA-07,GLAST+ individual,1859430.7697863393
312.5,NTA-07,GLAST+ individual,1825244.7137403674
317.5,NTA-07,GLAST+ individual,1800373.419153539
322.5,NTA-07,GLAST+ individual,1770428.108677519
327.5,NTA-07,GLAST+ individual,1724001.7841589975
332.5,NTA-07,GLAST+ individual,1654299.7102615717
337.5,NTA-07,GLAST+ individual,1559978.7901391492
342.5,NTA-07,GLAST+ individual,1444106.6476546912
347.5,NTA-07,GLAST+ individual,1312810.8707438398
352.5,NTA-07,GLAST+ individual,1173633.9690112527
357.5,NTA-07,GLAST+ individual,1034038.8264895177
362.5,NTA-07,GLAST+ individual,900363.6390233408
367.5,NTA-07,GLAST+ individual,777573.1385974896
372.5,NTA-07,GLAST+ individual,669099.1061870774
377.5,NTA-07,GLAST+ individual,577016.2071174647
382.5,NTA-07,GLAST+ individual,502257.376158596
387.5,NTA-07,GLAST+ individual,444574.15772237565
392.5,NTA-07,GLAST+ individual,402424.233358785
397.5,NTA-07,GLAST+ individual,372926.5672837188
402.5,NTA-07,GLAST+ individual,351982.9701428412
407.5,NTA-07,GLAST+ individual,334896.4437945339
412.5,NTA-07,GLAST+ individual,317263.5901200395
417.5,NTA-07,GLAST+ individual,296145.61479279015
422.5,NTA-07,GLAST+ individual,270589.3369763427
427.5,NTA-07,GLAST+ individual,241800.2581865051
432.5,NTA-07,GLAST+ individual,212623.37548189197
437.5,NTA-07,GLAST+ individual,186596.42703721573
442.5,NTA-07,GLAST+ individual,166754.21392889338
447.5,NTA-07,GLAST+ individual,154791.27933127363
452.5,NTA-07,GLAST+ individual,150831.33026251147
457.5,NTA-07,GLAST+ individual,153577.7281973464
462.5,NTA-07,GLAST+ individual,160948.58407415607
467.5,NTA-07,GLAST+ individual,170741.342875309
472.5,NTA-07,GLAST+ individual,181140.71818710503
477.5,NTA-07,GLAST+ individual,190973.27395213465
482.5,NTA-07,GLAST+ individual,199545.0591894474
487.5,NTA-07,GLAST+ individual,206436.4309422102
492.5,NTA-07,GLAST+ individual,211296.5013631609
497.5,NTA-07,GLAST+ individual,213832.3912447208
2.5,NTA-08,GLAST+ individual,413153.53167094756
7.5,NTA-08,GLAST+ individual,483343.9703964072
12.5,NTA-08,GLAST+ individual,629155.7276867592
17.5,NTA-08,GLAST+ individual,861270.302042801
22.5,NTA-08,GLAST+ individual,1194429.5657675855
27.5,NTA-08,GLAST+ individual,1646053.2671471878
32.5,NTA-08,GLAST+ individual,2233775.81256941
37.5,NTA-08,GLAST+ individual,2972035.291688254
42.5,NTA-08,GLAST+ individual,3869362.8244002983
47.5,NTA-08,GLAST+ individual,4924945.939409774
52.5,NTA-08,GLAST+ individual,6127302.406719294
57.5,NTA-08,GLAST+ individual,7454025.407443863
62.5,NTA-08,GLAST+ individual,8872568.06117078
67.5,NTA-08,GLAST+ individual,10342818.61974098
72.5,NTA-08,GLAST+ individual,11819181.298223719
77.5,NTA-08,GLAST+ individual,13253467.28747691
82.5,NTA-08,GLAST+ individual,14598051.761125918
87.5,NTA-08,GLAST+ individual,15809431.067808233
92.5,NTA-08,GLAST+ individual,16852597.826752007
97.5,NTA-08,GLAST+ individual,17704027.4407905
102.5,NTA-08,GLAST+ individual,18353635.53757167
107.5,NTA-08,GLAST+ individual,18803278.706460577
112.5,NTA-08,GLAST+ individual,19062436.058003545
117.5,NTA-08,GLAST+ individual,19143086.728595458
122.5,NTA-08,GLAST+ individual,19055424.699419614
127.5,NTA-08,GLAST+ individual,18806114.71751391
132.5,NTA-08,GLAST+ individual,18400904.87015473
137.5,NTA-08,GLAST+ individual,17848745.59295159
142.5,NTA-08,GLAST+ individual,17166309.332211383
147.5,NTA-08,GLAST+ individual,16379755.9339059
152.5,NTA-08,GLAST+ individual,15523031.881739508
157.5,NTA-08,GLAST+ individual,14633341.096152328
162.5,NTA-08,GLAST+ individual,13744854.57016201
167.5,NTA-08,GLAST+ individual,12883640.240913358
172.5,NTA-08,GLAST+ individual,12064868.15355046
177.5,NTA-08,GLAST+ individual,11292750.389822412
182.5,NTA-08,GLAST+ individual,10563315.139089657
187.5,NTA-08,GLAST+ individual,9868444.919445083
192.5,NTA-08,GLAST+ individual,9200513.175737604
197.5,NTA-08,GLAST+ individual,8556104.193105064
202.5,NTA-08,GLAST+ individual,7937518.531048931
207.5,NTA-08,GLAST+ individual,7351682.589693896
212.5,NTA-08,GLAST+ individual,6808259.342567121
217.5,NTA-08,GLAST+ individual,6315543.6087838
222.5,NTA-08,GLAST+ individual,5877753.948271985
227.5,NTA-08,GLAST+ individual,5492998.8917681
232.5,NTA-08,GLAST+ individual,5152923.844924403
237.5,NTA-08,GLAST+ individual,4844684.431440838
242.5,NTA-08,GLAST+ individual,4553377.305456761
247.5,NTA-08,GLAST+ individual,4265259.04033895
252.5,NTA-08,GLAST+ individual,3970656.217485559
257.5,NTA-08,GLAST+ individual,3665403.1652524266
262.5,NTA-08,GLAST+ individual,3351709.366728764
267.5,NTA-08,GLAST+ individual,3036575.834681445
272.5,NTA-08,GLAST+ individual,2729842.1766676777
277.5,NTA-08,GLAST+ individual,2441432.982273465
282.5,NTA-08,GLAST+ individual,2178848.4303200166
287.5,NTA-08,GLAST+ individual,1945865.2082514472
292.5,NTA-08,GLAST+ individual,1742662.8610377088
297.5,NTA-08,GLAST+ individual,1566649.4017261725
302.5,NTA-08,GLAST+ individual,1414287.5624395045
307.5,NTA-08,GLAST+ individual,1282109.579099856
312.5,NTA-08,GLAST+ individual,1167588.9496260497
317.5,NTA-08,GLAST+ individual,1069170.1475472483
322.5,NTA-08,GLAST+ individual,985876.9499908526
327.5,NTA-08,GLAST+ individual,917162.3690724098
332.5,NTA-08,GLAST+ individual,862246.6357907124
337.5,NTA-08,GLAST+ individual,820120.8981848111
342.5,NTA-08,GLAST+ individual,789314.4802155924
347.5,NTA-08,GLAST+ individual,767607.5495859355
352.5,NTA-08,GLAST+ individual,752086.028149233
357.5,NTA-08,GLAST+ individual,738924.9070331508
362.5,NTA-08,GLAST+ individual,723626.7328831188
367.5,NTA-08,GLAST+ individual,701877.5418129832
372.5,NTA-08,GLAST+ individual,670144.2493310682
377.5,NTA-08,GLAST+ individual,626458.9826239329
382.5,NTA-08,GLAST+ individual,570980.0492743918
387.5,NTA-08,GLAST+ individual,505971.09029746806
392.5,NTA-08,GLAST+ individual,435648.73103940504
397.5,NTA-08,GLAST+ individual,365190.0549632601
402.5,NTA-08,GLAST+ individual,299870.3498750823
407.5,NTA-08,GLAST+ individual,244068.09600850858
412.5,NTA-08,GLAST+ individual,200467.51963069092
417.5,NTA-08,GLAST+ individual,169785.94126357423
422.5,NTA-08,GLAST+ individual,150848.3529760768
427.5,NTA-08,GLAST+ individual,140968.75728204925
432.5,NTA-08,GLAST+ individual,136756.40412540903
437.5,NTA-08,GLAST+ individual,134851.159074533
442.5,NTA-08,GLAST+ individual,132672.8255393466
447.5,NTA-08,GLAST+ individual,128644.4386712815
452.5,NTA-08,GLAST+ individual,122400.74740444674
457.5,NTA-08,GLAST+ individual,114550.58954634937
462.5,NTA-08,GLAST+ individual,106158.29695609774
467.5,NTA-08,GLAST+ individual,98359.49841135056
472.5,NTA-08,GLAST+ individual,92052.87291212974
477.5,NTA-08,GLAST+ individual,87631.22338538818
482.5,NTA-08,GLAST+ individual,85022.92061822553
487.5,NTA-08,GLAST+ individual,83783.15718103631
492.5,NTA-08,GLAST+ individual,83385.37548206557
497.5,NTA-08,GLAST+ individual,83327.45943852968
2.5,NTA-09,GLAST+ individual,990944.9976410791
7.5,NTA-09,GLAST+ individual,948258.5353056132
12.5,NTA-09,GLAST+ individual,876459.9582567145
17.5,NTA-09,GLAST+ individual,799515.3010138656
22.5,NTA-09,GLAST+ individual,753023.908983339
27.5,NTA-09,GLAST+ individual,782697.4511665113
32.5,NTA-09,GLAST+ individual,943326.2478831505
37.5,NTA-09,GLAST+ individual,1294952.6024107137
42.5,NTA-09,GLAST+ individual,1899726.3532716213
47.5,NTA-09,GLAST+ individual,2812835.5702613676
52.5,NTA-09,GLAST+ individual,4070653.9127726182
57.5,NTA-09,GLAST+ individual,5679563.558238926
62.5,NTA-09,GLAST+ individual,7607337.33110416
67.5,NTA-09,GLAST+ individual,9784638.694726372
72.5,NTA-09,GLAST+ individual,12113575.028811099
77.5,NTA-09,GLAST+ individual,14488295.407693215
82.5,NTA-09,GLAST+ individual,16815252.744044486
87.5,NTA-09,GLAST+ individual,19028016.669770688
92.5,NTA-09,GLAST+ individual,21094666.222814526
97.5,NTA-09,GLAST+ individual,23008100.502062432
102.5,NTA-09,GLAST+ individual,24773068.17034588
107.5,NTA-09,GLAST+ individual,26386221.10943474
112.5,NTA-09,GLAST+ individual,27821511.2162228
117.5,NTA-09,GLAST+ individual,29026853.136117946
122.5,NTA-09,GLAST+ individual,29929795.00001108
127.5,NTA-09,GLAST+ individual,30453310.025463432
132.5,NTA-09,GLAST+ individual,30534162.88894991
137.5,NTA-09,GLAST+ individual,30143415.658204522
142.5,NTA-09,GLAST+ individual,29295892.43970845
147.5,NTA-09,GLAST+ individual,28050608.716558877
152.5,NTA-09,GLAST+ individual,26500287.10436704
157.5,NTA-09,GLAST+ individual,24754076.782167315
162.5,NTA-09,GLAST+ individual,22917515.353757102
167.5,NTA-09,GLAST+ individual,21081078.4166151
172.5,NTA-09,GLAST+ individual,19312016.52427511
177.5,NTA-09,GLAST+ individual,17655062.580766935
182.5,NTA-09,GLAST+ individual,16140058.059596943
187.5,NTA-09,GLAST+ individual,14784870.229155364
192.5,NTA-09,GLAST+ individual,13598983.151675608
197.5,NTA-09,GLAST+ individual,12583372.892989358
202.5,NTA-09,GLAST+ individual,11730258.568544067
207.5,NTA-09,GLAST+ individual,11021134.866346976
212.5,NTA-09,GLAST+ individual,10430633.804464411
217.5,NTA-09,GLAST+ individual,9930886.800685896
222.5,NTA-09,GLAST+ individual,9497203.219344016
227.5,NTA-09,GLAST+ individual,9112543.084449489
232.5,NTA-09,GLAST+ individual,8767845.557621734
237.5,NTA-09,GLAST+ individual,8459910.157622537
242.5,NTA-09,GLAST+ individual,8184277.315062949
247.5,NTA-09,GLAST+ individual,7932749.352368182
252.5,NTA-09,GLAST+ individual,7692598.579717115
257.5,NTA-09,GLAST+ individual,7447847.205814775
262.5,NTA-09,GLAST+ individual,7186941.729136931
267.5,NTA-09,GLAST+ individual,6902738.40287811
272.5,NTA-09,GLAST+ individual,6595469.593374127
277.5,NTA-09,GLAST+ individual,6268095.434690339
282.5,NTA-09,GLAST+ individual,5920140.684183124
287.5,NTA-09,GLAST+ individual,5545383.161229307
292.5,NTA-09,GLAST+ individual,5133582.256631174
297.5,NTA-09,GLAST+ individual,4676823.61531925
302.5,NTA-09,GLAST+ individual,4174736.976233843
307.5,NTA-09,GLAST+ individual,3640974.6282477416
312.5,NTA-09,GLAST+ individual,3101360.3863617647
317.5,NTA-09,GLAST+ individual,2587703.155968108
322.5,NTA-09,GLAST+ individual,2129497.275131759
327.5,NTA-09,GLAST+ individual,1747188.699516819
332.5,NTA-09,GLAST+ individual,1447713.0744847916
337.5,NTA-09,GLAST+ individual,1226035.7331814086
342.5,NTA-09,GLAST+ individual,1068607.0258761838
347.5,NTA-09,GLAST+ individual,956775.8487590246
352.5,NTA-09,GLAST+ individual,871884.704943964
357.5,NTA-09,GLAST+ individual,797271.5468553326
362.5,NTA-09,GLAST+ individual,721026.6528640505
367.5,NTA-09,GLAST+ individual,636497.825995309
372.5,NTA-09,GLAST+ individual,542667.3658366804
377.5,NTA-09,GLAST+ individual,443201.4731900634
382.5,NTA-09,GLAST+ individual,344852.4781208858
387.5,NTA-09,GLAST+ individual,254547.37264852427
392.5,NTA-09,GLAST+ individual,177824.17961179744
397.5,NTA-09,GLAST+ individual,117230.85044300812
402.5,NTA-09,GLAST+ individual,72834.07167628825
407.5,NTA-09,GLAST+ individual,42603.96619098647
412.5,NTA-09,GLAST+ individual,23447.308251140585
417.5,NTA-09,GLAST+ individual,12072.131412911744
422.5,NTA-09,GLAST+ individual,5883.486963624971
427.5,NTA-09,GLAST+ individual,2693.656615495888
432.5,NTA-09,GLAST+ individual,1158.5272740494302
437.5,NTA-09,GLAST+ individual,468.0873323760998
442.5,NTA-09,GLAST+ individual,177.6659117007957
447.5,NTA-09,GLAST+ individual,0.0
452.5,NTA-09,GLAST+ individual,0.0
457.5,NTA-09,GLAST+ individual,0.0
462.5,NTA-09,GLAST+ individual,0.0
467.5,NTA-09,GLAST+ individual,0.0
472.5,NTA-09,GLAST+ individual,0.0
477.5,NTA-09,GLAST+ individual,0.0
482.5,NTA-09,GLAST+ individual,0.0
487.5,NTA-09,GLAST+ individual,0.0
492.5,NTA-09,GLAST+ individual,0.0
497.5,NTA-09,GLAST+ individual,0.0
2.5,NTA-10,GLAST+ individual,1428475.2911395747
7.5,NTA-10,GLAST+ individual,1574548.2937709582
12.5,NTA-10,GLAST+ individual,1862570.4460255431
17.5,NTA-10,GLAST+ individual,2289883.1501031625
22.5,NTA-10,GLAST+ individual,2859327.091477066
27.5,NTA-10,GLAST+ individual,3582538.6413941295
32.5,NTA-10,GLAST+ individual,4482087.334200709
37.5,NTA-10,GLAST+ individual,5588422.476529568
42.5,NTA-10,GLAST+ individual,6935731.771577734
47.5,NTA-10,GLAST+ individual,8550914.413470387
52.5,NTA-10,GLAST+ individual,10447454.981868206
57.5,NTA-10,GLAST+ individual,12619411.163863594
62.5,NTA-10,GLAST+ individual,15041866.025562786
67.5,NTA-10,GLAST+ individual,17673995.637795378
72.5,NTA-10,GLAST+ individual,20466518.89338225
77.5,NTA-10,GLAST+ individual,23367955.71226053
82.5,NTA-10,GLAST+ individual,26328035.50136426
87.5,NTA-10,GLAST+ individual,29296239.452007376
92.5,NTA-10,GLAST+ individual,32213227.131318122
97.5,NTA-10,GLAST+ individual,35001369.31741864
102.5,NTA-10,GLAST+ individual,37558514.93712951
107.5,NTA-10,GLAST+ individual,39762336.59529855
112.5,NTA-10,GLAST+ individual,41484741.57541177
117.5,NTA-10,GLAST+ individual,42615340.32059035
122.5,NTA-10,GLAST+ individual,43087353.598910026
127.5,NTA-10,GLAST+ individual,42895829.499737605
132.5,NTA-10,GLAST+ individual,42106030.38455074
137.5,NTA-10,GLAST+ individual,40843534.80719897
142.5,NTA-10,GLAST+ individual,39271073.554539345
147.5,NTA-10,GLAST+ individual,37555884.568312
152.5,NTA-10,GLAST+ individual,35839239.81003122
157.5,NTA-10,GLAST+ individual,34210831.29989867
162.5,NTA-10,GLAST+ individual,32698754.604821317
167.5,NTA-10,GLAST+ individual,31276188.895150967
172.5,NTA-10,GLAST+ individual,29883444.480889946
177.5,NTA-10,GLAST+ individual,28453515.218375675
182.5,NTA-10,GLAST+ individual,26935107.10426466
187.5,NTA-10,GLAST+ individual,25307671.830531556
192.5,NTA-10,GLAST+ individual,23581730.17576798
197.5,NTA-10,GLAST+ individual,21790963.53339833
202.5,NTA-10,GLAST+ individual,19978038.276312046
207.5,NTA-10,GLAST+ individual,18183216.553740483
212.5,NTA-10,GLAST+ individual,16440764.192699231
217.5,NTA-10,GLAST+ individual,14774971.082249176
222.5,NTA-10,GLAST+ individual,13203349.20975767
227.5,NTA-10,GLAST+ individual,11737605.783652388
232.5,NTA-10,GLAST+ individual,10385669.78621845
237.5,NTA-10,GLAST+ individual,9153319.65023384
242.5,NTA-10,GLAST+ individual,8044275.773140609
247.5,NTA-10,GLAST+ individual,7060123.826043769
252.5,NTA-10,GLAST+ individual,6199715.664863793
257.5,NTA-10,GLAST+ individual,5459393.553717665
262.5,NTA-10,GLAST+ individual,4833652.96355108
267.5,NTA-10,GLAST+ individual,4315596.28161197
272.5,NTA-10,GLAST+ individual,3897239.849340486
277.5,NTA-10,GLAST+ individual,3570366.829918298
282.5,NTA-10,GLAST+ individual,3325674.8576186486
287.5,NTA-10,GLAST+ individual,3151166.31826638
292.5,NTA-10,GLAST+ individual,3032196.9291482326
297.5,NTA-10,GLAST+ individual,2949968.1181294792
302.5,NTA-10,GLAST+ individual,2884637.173587798
307.5,NTA-10,GLAST+ individual,2818648.4610397327
312.5,NTA-10,GLAST+ individual,2739890.92130646
317.5,NTA-10,GLAST+ individual,2642244.923641384
322.5,NTA-10,GLAST+ individual,2527124.9526259922
327.5,NTA-10,GLAST+ individual,2399472.989059866
332.5,NTA-10,GLAST+ individual,2265845.747361075
337.5,NTA-10,GLAST+ individual,2131378.1295399107
342.5,NTA-10,GLAST+ individual,1998222.1981956474
347.5,NTA-10,GLAST+ individual,1865914.8837518073
352.5,NTA-10,GLAST+ individual,1731645.7563775252
357.5,NTA-10,GLAST+ individual,1592077.4790448062
362.5,NTA-10,GLAST+ individual,1444528.8648452237
367.5,NTA-10,GLAST+ individual,1289210.8452922227
372.5,NTA-10,GLAST+ individual,1128381.2887682407
377.5,NTA-10,GLAST+ individual,967845.1566982405
382.5,NTA-10,GLAST+ individual,816140.771320374
387.5,NTA-10,GLAST+ individual,683980.1292739616
392.5,NTA-10,GLAST+ individual,583492.3836959136
397.5,NTA-10,GLAST+ individual,526628.8410756753
402.5,NTA-10,GLAST+ individual,522545.62554173113
407.5,NTA-10,GLAST+ individual,576090.8708262944
412.5,NTA-10,GLAST+ individual,684989.406706313
417.5,NTA-10,GLAST+ individual,838848.0250959639
422.5,NTA-10,GLAST+ individual,1019714.2933564882
427.5,NTA-10,GLAST+ individual,1203248.050294392
432.5,NTA-10,GLAST+ individual,1363117.8706884214
437.5,NTA-10,GLAST+ individual,1475276.279540021
442.5,NTA-10,GLAST+ individual,1522550.2671735887
447.5,NTA-10,GLAST+ individual,1497520.2514324621
452.5,NTA-10,GLAST+ individual,1403426.0503076233
457.5,NTA-10,GLAST+ individual,1253111.892716719
462.5,NTA-10,GLAST+ individual,1065900.7523347188
467.5,NTA-10,GLAST+ individual,863483.686401956
472.5,NTA-10,GLAST+ individual,666182.671278283
477.5,NTA-10,GLAST+ individual,489836.65422656893
482.5,NTA-10,GLAST+ individual,344923.77476801793
487.5,NTA-10,GLAST+ individual,236327.1940671901
492.5,NTA-10,GLAST+ individual,164906.9977940252
497.5,NTA-10,GLAST+ individual,129722.46739476435
2.5,Mean,GLAST+ mean,1442553.5487315585
7.5,Mean,GLAST+ mean,1514041.1290287788
12.5,Mean,GLAST+ mean,1661195.930375699
17.5,Mean,GLAST+ mean,1891416.9756823338
22.5,Mean,GLAST+ mean,2214137.480651618
27.5,Mean,GLAST+ mean,2639364.195425052
32.5,Mean,GLAST+ mean,3177852.1969074374
37.5,Mean,GLAST+ mean,3840642.4519704417
42.5,Mean,GLAST+ mean,4640125.820037195
47.5,Mean,GLAST+ mean,5588757.08649031
52.5,Mean,GLAST+ mean,6696202.213287684
57.5,Mean,GLAST+ mean,7965354.271985513
62.5,Mean,GLAST+ mean,9387036.253111634
67.5,Mean,GLAST+ mean,10937264.688143227
72.5,Mean,GLAST+ mean,12576377.965345066
77.5,Mean,GLAST+ mean,14253443.884008074
82.5,Mean,GLAST+ mean,15911750.32587335
87.5,Mean,GLAST+ mean,17496783.746332455
92.5,Mean,GLAST+ mean,18961312.357173182
97.5,Mean,GLAST+ mean,20268686.49345156
102.5,Mean,GLAST+ mean,21393082.647289116
107.5,Mean,GLAST+ mean,22318284.993519876
112.5,Mean,GLAST+ mean,23035287.876774617
117.5,Mean,GLAST+ mean,23541645.39821407
122.5,Mean,GLAST+ mean,23841114.20505595
127.5,Mean,GLAST+ mean,23944197.90023197
132.5,Mean,GLAST+ mean,23867800.045505676
137.5,Mean,GLAST+ mean,23634039.12893749
142.5,Mean,GLAST+ mean,23267017.928278163
147.5,Mean,GLAST+ mean,22788847.929668866
152.5,Mean,GLAST+ mean,22215956.841518153
157.5,Mean,GLAST+ mean,21556872.30369403
162.5,Mean,GLAST+ mean,20813262.799725346
167.5,Mean,GLAST+ mean,19983680.464950237
172.5,Mean,GLAST+ mean,19068966.212170944
177.5,Mean,GLAST+ mean,18076795.118467286
182.5,Mean,GLAST+ mean,17024738.26396343
187.5,Mean,GLAST+ mean,15939056.970079262
192.5,Mean,GLAST+ mean,14851285.755444422
197.5,Mean,GLAST+ mean,13792418.573735189
202.5,Mean,GLAST+ mean,12788015.721417833
207.5,Mean,GLAST+ mean,11853893.932397142
212.5,Mean,GLAST+ mean,10996231.95885754
217.5,Mean,GLAST+ mean,10212505.06638201
222.5,Mean,GLAST+ mean,9494825.303208595
227.5,Mean,GLAST+ mean,8833552.325718159
232.5,Mean,GLAST+ mean,8219501.739296595
237.5,Mean,GLAST+ mean,7645731.128302537
242.5,Mean,GLAST+ mean,7106724.890090013
247.5,Mean,GLAST+ mean,6598810.911834891
252.5,Mean,GLAST+ mean,6118736.6051058695
257.5,Mean,GLAST+ mean,5664793.158596139
262.5,Mean,GLAST+ mean,5237016.070340711
267.5,Mean,GLAST+ mean,4837656.077233637
272.5,Mean,GLAST+ mean,4470662.719964109
277.5,Mean,GLAST+ mean,4140322.8847340555
282.5,Mean,GLAST+ mean,3848921.5024083136
287.5,Mean,GLAST+ mean,3595069.255262581
292.5,Mean,GLAST+ mean,3373322.626463911
297.5,Mean,GLAST+ mean,3175092.0970025714
302.5,Mean,GLAST+ mean,2990659.8905410245
307.5,Mean,GLAST+ mean,2812118.3786647255
312.5,Mean,GLAST+ mean,2634906.8055689125
317.5,Mean,GLAST+ mean,2458608.8357706596
322.5,Mean,GLAST+ mean,2286737.631978131
327.5,Mean,GLAST+ mean,2124804.3506974233
332.5,Mean,GLAST+ mean,1978781.165885945
337.5,Mean,GLAST+ mean,1853211.8955472517
342.5,Mean,GLAST+ mean,1750113.5552895472
347.5,Mean,GLAST+ mean,1667827.113394523
352.5,Mean,GLAST+ mean,1601389.7143882187
357.5,Mean,GLAST+ mean,1542855.6216682226
362.5,Mean,GLAST+ mean,1483083.1920329153
367.5,Mean,GLAST+ mean,1413717.187089127
372.5,Mean,GLAST+ mean,1329148.3637917358
377.5,Mean,GLAST+ mean,1228000.678041927
382.5,Mean,GLAST+ mean,1113723.580248138
387.5,Mean,GLAST+ mean,993464.3393850509
392.5,Mean,GLAST+ mean,876620.7861393668
397.5,Mean,GLAST+ mean,772289.6713749616
402.5,Mean,GLAST+ mean,687514.3957806461
407.5,Mean,GLAST+ mean,625826.6110456304
412.5,Mean,GLAST+ mean,586778.3705420021
417.5,Mean,GLAST+ mean,566543.9919846762
422.5,Mean,GLAST+ mean,558846.8259200014
427.5,Mean,GLAST+ mean,556492.1921185988
432.5,Mean,GLAST+ mean,552936.9255077356
437.5,Mean,GLAST+ mean,543554.3435611756
442.5,Mean,GLAST+ mean,526747.2161251858
447.5,Mean,GLAST+ mean,503884.9374033509
452.5,Mean,GLAST+ mean,479020.4887688456
457.5,Mean,GLAST+ mean,457616.59529832564
462.5,Mean,GLAST+ mean,445218.8359727259
467.5,Mean,GLAST+ mean,445733.65136812336
472.5,Mean,GLAST+ mean,460390.7133854752
477.5,Mean,GLAST+ mean,487175.82990407187
482.5,Mean,GLAST+ mean,521221.60969706316
487.5,Mean,GLAST+ mean,555815.2986046239
492.5,Mean,GLAST+ mean,583855.3946087144
497.5,Mean,GLAST+ mean,599506.6690519201
2.5,Mean,Total EV mean,625543049.8144968
7.5,Mean,Total EV mean,706758917.7038082
12.5,Mean,Total EV mean,877733227.3036325
17.5,Mean,Total EV mean,1154857244.0878873
22.5,Mean,Total EV mean,1561709929.4639704
27.5,Mean,Total EV mean,2126880651.0597808
32.5,Mean,Total EV mean,2880641311.157497
37.5,Mean,Total EV mean,3850588585.061653
42.5,Mean,Total EV mean,5056130821.40872
47.5,Mean,Total EV mean,6502889761.493227
52.5,Mean,Total EV mean,8178015523.61333
57.5,Mean,Total EV mean,10047605157.647984
62.5,Mean,Total EV mean,12056510739.445158
67.5,Mean,Total EV mean,14131758456.149958
72.5,Mean,Total EV mean,16188501895.742542
77.5,Mean,Total EV mean,18138199252.635056
82.5,Mean,Total EV mean,19897653927.260906
87.5,Mean,Total EV mean,21396784850.24331
92.5,Mean,Total EV mean,22584822504.2351
97.5,Mean,Total EV mean,23433458381.305458
102.5,Mean,Total EV mean,23936868783.57139
107.5,Mean,Total EV mean,24109118326.406197
112.5,Mean,Total EV mean,23979584692.503857
117.5,Mean,Total EV mean,23587585192.7928
122.5,Mean,Total EV mean,22976954469.049713
127.5,Mean,Total EV mean,22191454844.73928
132.5,Mean,Total EV mean,21271675932.574657
137.5,Mean,Total EV mean,20253276936.465584
142.5,Mean,Total EV mean,19166747048.123062
147.5,Mean,Total EV mean,18037927051.00974
152.5,Mean,Total EV mean,16889107206.723385
157.5,Mean,Total EV mean,15739946423.642635
162.5,Mean,Total EV mean,14607958144.084217
167.5,Mean,Total EV mean,13508541233.475346
172.5,Mean,Total EV mean,12454546534.16417
177.5,Mean,Total EV mean,11455662799.214725
182.5,Mean,Total EV mean,10518293712.51583
187.5,Mean,Total EV mean,9645166761.427753
192.5,Mean,Total EV mean,8835979693.956232
197.5,Mean,Total EV mean,8088036203.121704
202.5,Mean,Total EV mean,7397105205.9468975
207.5,Mean,Total EV mean,6758282907.867334
212.5,Mean,Total EV mean,6166911746.284267
217.5,Mean,Total EV mean,5618987188.893034
222.5,Mean,Total EV mean,5111599028.837535
227.5,Mean,Total EV mean,4643072615.197388
232.5,Mean,Total EV mean,4212646411.266619
237.5,Mean,Total EV mean,3820055290.946576
242.5,Mean,Total EV mean,3464740153.332282
247.5,Mean,Total EV mean,3145154241.395772
252.5,Mean,Total EV mean,2858682916.7620554
257.5,Mean,Total EV mean,2601597292.6807623
262.5,Mean,Total EV mean,2369771003.3426776
267.5,Mean,Total EV mean,2159516785.435363
272.5,Mean,Total EV mean,1968211396.0556571
277.5,Mean,Total EV mean,1794523173.6438236
282.5,Mean,Total EV mean,1638100904.0001073
287.5,Mean,Total EV mean,1499057036.3853784
292.5,Mean,Total EV mean,1377222177.961674
297.5,Mean,Total EV mean,1271577119.9920533
302.5,Mean,Total EV mean,1180055175.7526739
307.5,Mean,Total EV mean,1099619225.4854429
312.5,Mean,Total EV mean,1026722208.9322183
317.5,Mean,Total EV mean,957848053.0954416
322.5,Mean,Total EV mean,890083106.5244871
327.5,Mean,Total EV mean,821610541.6560236
332.5,Mean,Total EV mean,751963559.1806754
337.5,Mean,Total EV mean,681987007.2595661
342.5,Mean,Total EV mean,613518419.5058515
347.5,Mean,Total EV mean,548876735.6973764
352.5,Mean,Total EV mean,490275787.3261668
357.5,Mean,Total EV mean,439280228.5483678
362.5,Mean,Total EV mean,396510563.8820194
367.5,Mean,Total EV mean,361535030.2962296
372.5,Mean,Total EV mean,333139201.8321384
377.5,Mean,Total EV mean,309590284.27941144
382.5,Mean,Total EV mean,289126470.51385486
387.5,Mean,Total EV mean,270170080.92955667
392.5,Mean,Total EV mean,251664474.9043861
397.5,Mean,Total EV mean,233020081.1639487
402.5,Mean,Total EV mean,214153598.0319644
407.5,Mean,Total EV mean,195330993.650052
412.5,Mean,Total EV mean,177042104.0098229
417.5,Mean,Total EV mean,159852168.4996014
422.5,Mean,Total EV mean,144262189.32978836
427.5,Mean,Total EV mean,130592115.46266691
432.5,Mean,Total EV mean,118925453.50441357
437.5,Mean,Total EV mean,109129378.84774104
442.5,Mean,Total EV mean,100877864.54199652
447.5,Mean,Total EV mean,93746330.31529346
452.5,Mean,Total EV mean,87296961.20586659
457.5,Mean,Total EV mean,81182881.66693597
462.5,Mean,Total EV mean,75168188.37264116
467.5,Mean,Total EV mean,69172851.44678518
472.5,Mean,Total EV mean,63267214.82491462
477.5,Mean,Total EV mean,57636348.493633315
482.5,Mean,Total EV mean,52566580.15277895
487.5,Mean,Total EV mean,48375837.05072223
492.5,Mean,Total EV mean,45374349.979894616
497.5,Mean,Total EV mean,43804581.22377021
